TransactionAmount,TransactionType,Location,Channel,CustomerAge,CustomerOccupation,TransactionDuration,LoginAttempts,AccountBalance,PreviousTransactionDate
14.09,1,San Diego,0,70.0,0,81.0,1.0,5112.21,2024-11-04 08:08:08
376.24,1,Houston,0,68.0,0,141.0,1.0,13758.91,2024-11-04 08:09:35
126.29,1,Mesa,2,19.0,3,56.0,1.0,1122.35,2024-11-04 08:07:04
184.5,1,Raleigh,2,26.0,3,25.0,1.0,8569.06,2024-11-04 08:09:06
92.15,1,Oklahoma City,0,18.0,3,172.0,1.0,781.68,2024-11-04 08:06:36
7.08,0,Seattle,0,37.0,0,139.0,1.0,13316.71,2024-11-04 08:10:09
171.42,0,Indianapolis,1,67.0,2,291.0,1.0,2796.24,2024-11-04 08:10:55
106.23,0,Detroit,1,51.0,1,86.0,1.0,9095.14,2024-11-04 08:11:14
815.96,1,Nashville,0,55.0,0,120.0,1.0,1021.88,2024-11-04 08:06:32
17.78,0,Albuquerque,2,52.0,1,59.0,1.0,7599.52,2024-11-04 08:06:45
190.02,1,Memphis,2,21.0,3,173.0,1.0,1528.81,2024-11-04 08:07:12
494.52,0,Mesa,1,24.0,3,111.0,1.0,1620.02,2024-11-04 08:08:38
781.76,1,Memphis,0,26.0,3,123.0,1.0,189.69,2024-11-04 08:07:06
166.99,1,Louisville,2,18.0,3,134.0,1.0,299.93,2024-11-04 08:10:09
465.45,1,Denver,0,36.0,1,129.0,1.0,3465.54,2024-11-04 08:12:19
555.8,0,Austin,1,19.0,3,158.0,1.0,1131.26,2024-11-04 08:07:35
492.93,1,Columbus,2,39.0,1,234.0,1.0,5109.97,2024-11-04 08:11:51
18.68,0,Albuquerque,1,59.0,2,106.0,1.0,7948.37,2024-11-04 08:12:01
71.48,0,Columbus,2,18.0,3,169.0,1.0,6568.59,2024-11-04 08:09:20
59.32,1,Los Angeles,1,71.0,2,38.0,1.0,5750.89,2024-11-04 08:09:24
85.77,1,Las Vegas,1,38.0,0,93.0,1.0,9146.19,2024-11-04 08:08:13
345.84,1,Fort Worth,2,22.0,3,142.0,3.0,1402.5,2024-11-04 08:07:04
145.54,1,Raleigh,2,21.0,3,96.0,1.0,1930.96,2024-11-04 08:07:09
7.49,0,Houston,2,65.0,2,276.0,1.0,3634.67,2024-11-04 08:09:44
246.93,1,Miami,0,23.0,3,158.0,5.0,673.35,2024-11-04 08:11:38
40.32,1,Milwaukee,1,37.0,1,95.0,1.0,2686.52,2024-11-04 08:11:59
127.45,1,Las Vegas,2,44.0,0,197.0,1.0,1772.06,2024-11-04 08:11:22
56.17,1,Detroit,1,27.0,3,283.0,1.0,1351.69,2024-11-04 08:08:30
28.31,0,Miami,2,59.0,0,20.0,1.0,8334.47,2024-11-04 08:09:17
59.12,1,Baltimore,0,29.0,0,257.0,1.0,9823.64,2024-11-04 08:06:58
396.45,1,New York,0,49.0,1,168.0,3.0,9690.15,2024-11-04 08:11:13
877.81,1,Los Angeles,2,22.0,3,150.0,1.0,399.0,2024-11-04 08:07:50
255.26,0,San Francisco,1,45.0,0,50.0,1.0,14815.87,2024-11-04 08:10:51
124.76,1,Seattle,1,49.0,1,45.0,1.0,5764.72,2024-11-04 08:06:23
78.13,1,Milwaukee,1,26.0,3,145.0,1.0,900.61,2024-11-04 08:12:18
795.31,1,Mesa,0,66.0,0,90.0,2.0,7914.88,2024-11-04 08:11:17
335.63,1,Oklahoma City,2,55.0,2,216.0,1.0,1019.39,2024-11-04 08:07:32
328.47,1,San Antonio,0,63.0,2,119.0,1.0,4323.66,2024-11-04 08:07:31
34.02,1,Philadelphia,2,38.0,0,19.0,1.0,14214.48,2024-11-04 08:11:45
241.42,0,Charlotte,2,57.0,0,116.0,1.0,13357.02,2024-11-04 08:09:03
55.32,1,Tucson,0,19.0,3,117.0,1.0,241.79,2024-11-04 08:08:03
304.31,1,Louisville,1,27.0,3,33.0,1.0,868.61,2024-11-04 08:09:53
164.49,1,Baltimore,1,26.0,3,75.0,1.0,1509.27,2024-11-04 08:10:33
510.24,1,Oklahoma City,2,19.0,3,105.0,1.0,781.7,2024-11-04 08:11:35
626.9,1,Denver,2,26.0,3,138.0,1.0,265.51,2024-11-04 08:07:24
425.34,0,Kansas City,2,69.0,2,121.0,1.0,3907.54,2024-11-04 08:07:07
85.43,1,Virginia Beach,1,67.0,0,145.0,1.0,14904.9,2024-11-04 08:06:45
169.5,1,San Diego,1,28.0,3,142.0,1.0,918.88,2024-11-04 08:08:58
104.63,1,Omaha,0,62.0,2,90.0,1.0,4477.78,2024-11-04 08:10:42
316.95,1,Mesa,1,25.0,3,83.0,1.0,1324.03,2024-11-04 08:09:15
60.54,0,Columbus,1,57.0,2,52.0,1.0,3534.93,2024-11-04 08:09:57
292.56,0,Dallas,1,68.0,2,61.0,1.0,4638.37,2024-11-04 08:07:49
386.52,1,Indianapolis,1,48.0,1,28.0,1.0,5630.61,2024-11-04 08:07:09
112.07,1,Kansas City,1,23.0,3,51.0,1.0,930.3,2024-11-04 08:11:37
263.99,1,Dallas,1,79.0,2,227.0,2.0,4175.02,2024-11-04 08:11:03
349.64,1,Las Vegas,2,48.0,1,226.0,1.0,6651.62,2024-11-04 08:08:09
601.4,0,Philadelphia,1,56.0,1,104.0,1.0,8458.29,2024-11-04 08:08:01
5.77,1,Charlotte,2,50.0,0,124.0,1.0,13988.12,2024-11-04 08:11:32
201.33,0,Nashville,1,42.0,1,186.0,1.0,2585.07,2024-11-04 08:11:41
298.42,1,Indianapolis,1,56.0,2,225.0,1.0,3014.75,2024-11-04 08:10:12
521.06,1,Albuquerque,1,25.0,3,128.0,1.0,1951.42,2024-11-04 08:12:10
117.28,0,Austin,2,60.0,1,16.0,1.0,3665.77,2024-11-04 08:07:11
133.55,1,Atlanta,0,44.0,1,220.0,1.0,3846.28,2024-11-04 08:10:18
143.21,1,Dallas,2,35.0,1,135.0,1.0,6374.82,2024-11-04 08:09:26
24.77,1,Boston,0,62.0,2,55.0,1.0,5866.01,2024-11-04 08:12:15
233.92,0,Jacksonville,2,26.0,3,280.0,1.0,6537.62,2024-11-04 08:08:45
1212.51,1,Indianapolis,1,20.0,3,24.0,1.0,605.95,2024-11-04 08:06:51
91.53,1,Milwaukee,1,44.0,0,69.0,1.0,14676.05,2024-11-04 08:11:36
120.29,1,Miami,1,19.0,3,77.0,1.0,1362.39,2024-11-04 08:06:50
174.25,1,Seattle,2,50.0,0,67.0,1.0,10528.34,2024-11-04 08:10:29
183.71,1,Denver,0,38.0,1,102.0,1.0,552.52,2024-11-04 08:09:51
922.55,1,Detroit,0,63.0,2,87.0,1.0,4715.84,2024-11-04 08:11:07
259.91,1,Denver,2,49.0,0,170.0,1.0,7176.86,2024-11-04 08:09:38
154.71,1,San Diego,2,34.0,0,157.0,1.0,1523.72,2024-11-04 08:09:42
1340.19,0,Austin,2,54.0,1,30.0,1.0,8654.28,2024-11-04 08:06:53
24.56,1,Mesa,1,64.0,0,69.0,1.0,9869.93,2024-11-04 08:12:05
9.61,0,San Diego,2,58.0,0,179.0,1.0,12883.91,2024-11-04 08:09:10
392.96,1,Kansas City,2,24.0,3,100.0,1.0,791.65,2024-11-04 08:08:38
716.93,0,Milwaukee,2,60.0,2,34.0,1.0,4064.02,2024-11-04 08:08:12
223.85,1,Kansas City,0,53.0,1,55.0,4.0,2929.91,2024-11-04 08:08:01
230.66,1,Houston,1,21.0,3,135.0,1.0,618.05,2024-11-04 08:10:44
644.17,1,San Antonio,0,29.0,1,72.0,1.0,1143.52,2024-11-04 08:08:04
508.68,0,Mesa,1,51.0,1,127.0,1.0,7708.41,2024-11-04 08:09:32
858.63,0,San Francisco,1,27.0,3,185.0,1.0,1872.96,2024-11-04 08:10:47
25.36,1,Louisville,0,57.0,1,78.0,1.0,201.04,2024-11-04 08:11:05
147.62,1,Charlotte,1,71.0,2,133.0,1.0,2115.8,2024-11-04 08:07:22
115.02,1,San Antonio,1,37.0,0,175.0,1.0,7643.66,2024-11-04 08:08:38
383.37,1,Fort Worth,1,30.0,1,24.0,1.0,8901.93,2024-11-04 08:11:07
196.16,1,Virginia Beach,1,27.0,1,146.0,1.0,9418.86,2024-11-04 08:08:32
129.94,1,Las Vegas,0,32.0,1,235.0,1.0,7954.92,2024-11-04 08:06:35
306.9,1,Colorado Springs,2,46.0,1,51.0,1.0,9418.08,2024-11-04 08:10:48
114.98,1,Seattle,2,59.0,2,80.0,1.0,6144.68,2024-11-04 08:09:24
756.59,1,Sacramento,1,27.0,3,17.0,1.0,420.65,2024-11-04 08:11:40
503.76,1,Los Angeles,2,22.0,3,35.0,1.0,447.82,2024-11-04 08:09:22
143.03,1,San Antonio,0,63.0,2,147.0,1.0,7981.45,2024-11-04 08:10:42
254.37,0,Dallas,2,51.0,1,174.0,1.0,8849.26,2024-11-04 08:06:56
213.76,0,Dallas,0,78.0,2,282.0,1.0,3528.72,2024-11-04 08:09:36
327.86,1,Fresno,2,40.0,1,104.0,1.0,480.16,2024-11-04 08:06:30
2.5,1,San Diego,2,47.0,0,107.0,1.0,12145.27,2024-11-04 08:09:53
300.08,0,Austin,2,68.0,0,47.0,1.0,13546.75,2024-11-04 08:12:18
56.98,0,Oklahoma City,0,43.0,1,122.0,2.0,5688.37,2024-11-04 08:07:42
115.83,1,Fresno,1,39.0,1,167.0,1.0,6481.04,2024-11-04 08:10:02
53.57,1,Houston,0,69.0,2,121.0,1.0,1651.33,2024-11-04 08:08:43
63.34,0,Detroit,2,46.0,0,165.0,1.0,11174.94,2024-11-04 08:10:13
331.65,1,Portland,2,41.0,1,61.0,1.0,4172.57,2024-11-04 08:11:00
5.04,1,Washington,0,56.0,2,41.0,1.0,5558.36,2024-11-04 08:10:48
214.54,0,Detroit,2,70.0,0,247.0,1.0,11151.53,2024-11-04 08:11:56
598.81,1,Philadelphia,1,57.0,0,158.0,1.0,1415.52,2024-11-04 08:10:13
841.28,1,Tucson,2,26.0,3,80.0,1.0,1103.64,2024-11-04 08:09:58
38.15,1,Mesa,2,26.0,3,108.0,1.0,303.68,2024-11-04 08:07:42
1036.66,1,San Antonio,1,58.0,0,144.0,1.0,5541.57,2024-11-04 08:09:24
124.72,1,Oklahoma City,1,33.0,1,105.0,1.0,6309.8,2024-11-04 08:07:25
302.45,0,San Antonio,1,78.0,2,40.0,1.0,5133.61,2024-11-04 08:11:55
208.04,1,Louisville,2,47.0,1,273.0,1.0,9344.98,2024-11-04 08:08:45
5.77,0,Los Angeles,1,23.0,3,254.0,1.0,1117.97,2024-11-04 08:10:53
381.33,1,Albuquerque,0,56.0,0,75.0,1.0,11835.35,2024-11-04 08:09:32
16.16,1,Milwaukee,0,50.0,0,124.0,1.0,14401.17,2024-11-04 08:11:59
486.08,1,Oklahoma City,2,18.0,3,68.0,1.0,1748.69,2024-11-04 08:07:03
336.39,1,San Antonio,1,21.0,3,18.0,1.0,1000.46,2024-11-04 08:09:57
997.43,1,Seattle,2,69.0,0,118.0,1.0,6810.05,2024-11-04 08:08:25
234.57,1,Chicago,2,23.0,3,120.0,1.0,263.98,2024-11-04 08:08:47
6.0,1,Chicago,2,30.0,0,246.0,1.0,5442.76,2024-11-04 08:09:43
1049.92,1,Detroit,0,80.0,2,21.0,1.0,2037.85,2024-11-04 08:10:34
227.14,1,Charlotte,0,18.0,3,294.0,1.0,341.94,2024-11-04 08:11:34
45.85,1,Los Angeles,0,20.0,3,92.0,1.0,1659.15,2024-11-04 08:07:24
973.39,1,Sacramento,1,77.0,2,296.0,1.0,2042.22,2024-11-04 08:11:44
415.5,1,Memphis,0,66.0,0,141.0,1.0,10113.66,2024-11-04 08:10:23
265.76,1,Philadelphia,2,54.0,2,92.0,1.0,4446.17,2024-11-04 08:12:18
69.4,1,Virginia Beach,2,80.0,2,113.0,1.0,6452.77,2024-11-04 08:09:04
332.93,0,Albuquerque,1,35.0,1,293.0,1.0,2788.2,2024-11-04 08:08:14
267.9,1,San Antonio,2,20.0,3,160.0,1.0,596.16,2024-11-04 08:08:34
496.03,1,San Francisco,1,61.0,0,265.0,1.0,12904.66,2024-11-04 08:09:41
376.26,1,Tucson,0,37.0,1,245.0,1.0,9062.4,2024-11-04 08:09:58
83.02,0,Seattle,2,36.0,1,171.0,1.0,9009.56,2024-11-04 08:11:01
93.26,0,New York,2,20.0,3,72.0,1.0,1152.2,2024-11-04 08:12:04
803.37,0,Memphis,1,68.0,0,129.0,1.0,12168.37,2024-11-04 08:08:40
35.76,1,Charlotte,1,23.0,3,122.0,1.0,611.86,2024-11-04 08:11:40
28.53,1,Washington,2,62.0,0,99.0,1.0,8670.53,2024-11-04 08:06:30
139.53,0,Louisville,2,53.0,0,177.0,1.0,10098.86,2024-11-04 08:07:31
307.57,1,Detroit,1,33.0,0,285.0,1.0,5307.74,2024-11-04 08:06:33
60.65,0,Tucson,1,56.0,2,53.0,1.0,1047.28,2024-11-04 08:09:22
74.86,1,Nashville,1,70.0,0,125.0,1.0,6921.48,2024-11-04 08:07:39
231.91,1,Memphis,0,34.0,1,165.0,1.0,112.76,2024-11-04 08:12:15
126.21,1,Baltimore,1,75.0,2,268.0,1.0,5669.66,2024-11-04 08:08:42
506.28,0,Chicago,2,53.0,2,162.0,2.0,1309.95,2024-11-04 08:09:09
304.35,1,Houston,1,31.0,1,36.0,1.0,4057.1,2024-11-04 08:08:45
281.85,1,Detroit,0,22.0,3,109.0,1.0,1585.98,2024-11-04 08:07:38
777.88,1,Houston,1,31.0,1,17.0,1.0,6825.55,2024-11-04 08:09:15
119.18,1,Los Angeles,1,56.0,2,96.0,1.0,5516.5,2024-11-04 08:07:34
177.19,1,Chicago,2,76.0,2,43.0,1.0,5343.3,2024-11-04 08:06:30
260.88,1,Denver,1,22.0,3,36.0,1.0,903.05,2024-11-04 08:06:52
169.47,1,Chicago,2,24.0,3,19.0,1.0,1806.16,2024-11-04 08:07:37
73.23,1,Portland,1,26.0,3,14.0,1.0,787.74,2024-11-04 08:11:12
792.57,1,Baltimore,0,19.0,3,164.0,1.0,770.37,2024-11-04 08:10:39
237.06,1,Phoenix,2,71.0,2,46.0,1.0,1182.77,2024-11-04 08:07:50
34.17,0,Philadelphia,2,54.0,1,54.0,1.0,726.55,2024-11-04 08:06:29
740.25,1,Philadelphia,2,41.0,0,123.0,1.0,14464.3,2024-11-04 08:08:27
453.54,1,Albuquerque,0,58.0,0,82.0,1.0,12046.3,2024-11-04 08:12:06
300.47,1,Jacksonville,1,73.0,2,100.0,1.0,7885.64,2024-11-04 08:08:00
110.93,0,Virginia Beach,1,19.0,3,201.0,1.0,1952.35,2024-11-04 08:10:53
201.69,1,Las Vegas,0,59.0,0,299.0,1.0,7328.52,2024-11-04 08:10:16
399.21,1,Portland,0,59.0,1,109.0,1.0,3210.39,2024-11-04 08:08:21
1041.88,1,Jacksonville,2,78.0,2,57.0,1.0,5726.2,2024-11-04 08:06:44
630.36,1,Mesa,0,62.0,2,52.0,1.0,1363.65,2024-11-04 08:12:15
10.94,0,Philadelphia,0,60.0,1,245.0,1.0,1241.99,2024-11-04 08:11:53
215.9,1,Los Angeles,0,38.0,0,235.0,1.0,7873.28,2024-11-04 08:10:23
1422.55,1,Washington,1,79.0,2,165.0,1.0,5674.32,2024-11-04 08:06:50
444.89,0,Las Vegas,1,43.0,0,101.0,1.0,10328.23,2024-11-04 08:11:50
280.57,0,Virginia Beach,2,25.0,3,24.0,1.0,293.24,2024-11-04 08:10:24
3.3,0,Los Angeles,1,50.0,0,131.0,1.0,11385.37,2024-11-04 08:10:11
20.36,1,Tucson,1,62.0,2,75.0,1.0,2762.48,2024-11-04 08:11:15
493.11,1,Colorado Springs,1,53.0,2,236.0,1.0,7432.99,2024-11-04 08:08:01
307.41,1,Los Angeles,0,19.0,3,14.0,1.0,1057.0,2024-11-04 08:09:48
11.18,1,Atlanta,2,43.0,0,161.0,1.0,5956.89,2024-11-04 08:10:20
313.82,1,Tucson,1,59.0,1,151.0,1.0,7261.59,2024-11-04 08:08:42
288.04,1,Denver,0,68.0,2,63.0,1.0,1748.02,2024-11-04 08:10:00
800.55,1,Oklahoma City,0,31.0,1,108.0,1.0,9660.22,2024-11-04 08:06:49
485.54,1,Houston,0,46.0,1,143.0,1.0,6371.51,2024-11-04 08:11:46
521.15,1,Kansas City,0,54.0,0,214.0,1.0,9442.47,2024-11-04 08:07:31
304.93,1,Portland,0,65.0,0,158.0,1.0,13531.22,2024-11-04 08:08:15
694.2,1,Milwaukee,0,61.0,2,72.0,1.0,1389.37,2024-11-04 08:07:23
116.86,1,Louisville,0,55.0,1,171.0,1.0,6706.56,2024-11-04 08:12:15
74.88,1,Atlanta,0,25.0,3,202.0,1.0,420.67,2024-11-04 08:07:46
890.24,0,Las Vegas,2,33.0,1,161.0,1.0,5140.93,2024-11-04 08:07:32
361.27,1,Omaha,0,63.0,0,180.0,1.0,7945.57,2024-11-04 08:10:07
131.56,1,Charlotte,1,44.0,0,42.0,1.0,5873.54,2024-11-04 08:07:12
485.51,0,Milwaukee,2,76.0,2,37.0,1.0,3074.45,2024-11-04 08:08:02
547.87,1,Columbus,0,64.0,2,131.0,1.0,6155.76,2024-11-04 08:10:31
457.3,1,Virginia Beach,2,28.0,1,15.0,1.0,8318.29,2024-11-04 08:07:53
506.24,1,Chicago,0,58.0,1,64.0,1.0,230.09,2024-11-04 08:11:40
486.59,1,Indianapolis,1,57.0,2,119.0,1.0,2513.56,2024-11-04 08:10:02
163.68,1,San Diego,1,41.0,0,292.0,1.0,10090.05,2024-11-04 08:11:01
581.65,1,Boston,0,22.0,3,176.0,1.0,480.19,2024-11-04 08:09:39
523.74,1,Oklahoma City,0,43.0,0,159.0,1.0,13498.55,2024-11-04 08:06:52
705.6,1,Phoenix,1,40.0,0,124.0,3.0,14804.7,2024-11-04 08:09:04
91.48,1,Fort Worth,0,51.0,0,141.0,1.0,14942.78,2024-11-04 08:09:17
5.25,1,San Jose,0,39.0,0,49.0,1.0,14143.32,2024-11-04 08:12:22
54.03,0,Milwaukee,0,56.0,2,161.0,1.0,6736.3,2024-11-04 08:07:36
736.73,1,Memphis,1,48.0,1,10.0,1.0,3313.07,2024-11-04 08:10:54
33.06,0,Fort Worth,2,53.0,2,170.0,1.0,1540.87,2024-11-04 08:06:43
66.5,0,Louisville,2,32.0,1,144.0,1.0,6820.23,2024-11-04 08:08:06
588.54,1,Portland,1,32.0,1,130.0,1.0,714.45,2024-11-04 08:10:37
173.5,1,Nashville,0,21.0,3,282.0,1.0,1306.91,2024-11-04 08:11:52
78.33,0,Memphis,2,56.0,1,189.0,1.0,7255.33,2024-11-04 08:08:18
40.66,1,Louisville,1,59.0,2,156.0,1.0,1153.84,2024-11-04 08:11:28
97.22,0,Atlanta,1,77.0,2,55.0,1.0,6647.73,2024-11-04 08:11:17
34.07,1,Philadelphia,1,22.0,3,81.0,1.0,8709.77,2024-11-04 08:07:21
492.06,1,Fresno,2,23.0,3,74.0,1.0,857.9,2024-11-04 08:09:56
842.01,0,Virginia Beach,2,53.0,0,185.0,1.0,509.45,2024-11-04 08:08:33
73.55,1,Atlanta,0,51.0,1,158.0,1.0,2812.06,2024-11-04 08:11:21
760.53,1,Phoenix,2,57.0,1,118.0,1.0,6179.91,2024-11-04 08:09:35
371.69,1,San Francisco,1,67.0,2,143.0,1.0,3484.32,2024-11-04 08:09:59
218.96,1,Seattle,0,18.0,3,13.0,1.0,754.21,2024-11-04 08:10:35
227.39,1,Atlanta,2,18.0,3,65.0,1.0,751.09,2024-11-04 08:11:36
237.99,0,Kansas City,1,39.0,0,86.0,1.0,8510.09,2024-11-04 08:11:36
341.15,1,San Jose,2,18.0,3,148.0,1.0,511.37,2024-11-04 08:10:09
434.58,1,Memphis,0,59.0,0,215.0,1.0,12648.32,2024-11-04 08:08:15
312.88,0,Portland,1,54.0,1,44.0,1.0,233.21,2024-11-04 08:07:23
75.15,1,Boston,0,23.0,3,154.0,1.0,1092.92,2024-11-04 08:11:00
23.3,1,Los Angeles,0,59.0,1,161.0,1.0,6711.15,2024-11-04 08:08:06
47.38,0,Seattle,2,25.0,3,61.0,1.0,459.37,2024-11-04 08:07:05
488.15,1,Louisville,1,43.0,1,168.0,1.0,7071.09,2024-11-04 08:11:13
12.82,1,Fort Worth,0,44.0,1,156.0,1.0,9045.19,2024-11-04 08:08:25
535.91,1,Las Vegas,2,43.0,1,22.0,1.0,9642.12,2024-11-04 08:10:49
270.72,0,Washington,2,26.0,1,53.0,1.0,6263.96,2024-11-04 08:11:05
97.98,1,Denver,1,72.0,2,18.0,1.0,7460.33,2024-11-04 08:08:43
196.08,1,San Francisco,2,61.0,2,98.0,1.0,4233.82,2024-11-04 08:06:31
251.18,1,San Jose,0,42.0,1,246.0,1.0,8303.9,2024-11-04 08:07:55
44.52,1,El Paso,2,28.0,3,205.0,1.0,314.28,2024-11-04 08:10:28
178.87,1,Baltimore,2,35.0,0,180.0,1.0,5241.23,2024-11-04 08:10:16
1176.28,0,Kansas City,0,54.0,1,174.0,5.0,323.69,2024-11-04 08:11:44
386.68,1,New York,1,46.0,0,128.0,1.0,6863.06,2024-11-04 08:06:28
167.14,1,Denver,2,76.0,2,20.0,1.0,3877.73,2024-11-04 08:06:26
345.22,1,Fresno,1,69.0,2,253.0,1.0,4046.58,2024-11-04 08:07:36
74.85,1,Raleigh,0,72.0,2,117.0,1.0,2409.73,2024-11-04 08:11:49
671.73,1,Washington,1,58.0,1,54.0,1.0,5211.88,2024-11-04 08:12:04
255.04,1,Seattle,0,45.0,1,152.0,1.0,6217.86,2024-11-04 08:11:38
45.77,1,Philadelphia,2,25.0,3,109.0,1.0,5978.12,2024-11-04 08:08:01
329.69,0,San Antonio,2,26.0,3,66.0,1.0,1671.66,2024-11-04 08:09:49
362.04,0,Philadelphia,1,58.0,0,198.0,2.0,8421.88,2024-11-04 08:08:47
47.42,1,San Diego,0,64.0,0,28.0,1.0,8253.52,2024-11-04 08:08:56
35.99,1,Miami,1,63.0,2,129.0,1.0,4489.79,2024-11-04 08:09:17
151.19,0,New York,1,37.0,0,96.0,1.0,11903.82,2024-11-04 08:11:16
242.62,0,San Francisco,2,22.0,3,234.0,1.0,483.02,2024-11-04 08:07:09
48.72,1,Virginia Beach,1,21.0,3,17.0,1.0,816.08,2024-11-04 08:07:27
43.46,1,Boston,0,25.0,3,80.0,1.0,578.06,2024-11-04 08:10:45
1036.21,1,Omaha,2,25.0,3,126.0,1.0,477.3,2024-11-04 08:12:22
443.79,1,Las Vegas,0,53.0,2,87.0,1.0,3133.85,2024-11-04 08:11:16
365.14,1,Dallas,2,68.0,2,57.0,1.0,5894.09,2024-11-04 08:07:25
757.41,1,Los Angeles,0,22.0,3,37.0,1.0,9532.42,2024-11-04 08:09:03
20.54,1,Fort Worth,1,51.0,1,72.0,1.0,5327.03,2024-11-04 08:07:28
475.36,1,Phoenix,0,34.0,1,105.0,1.0,2000.6,2024-11-04 08:06:59
34.74,1,San Francisco,0,56.0,2,24.0,1.0,6827.57,2024-11-04 08:11:03
211.18,1,Washington,0,73.0,2,90.0,1.0,4069.17,2024-11-04 08:11:50
211.36,0,Fort Worth,1,51.0,1,286.0,1.0,7943.47,2024-11-04 08:11:10
744.41,0,Houston,2,39.0,1,107.0,1.0,8842.47,2024-11-04 08:11:27
61.43,1,Phoenix,2,24.0,3,170.0,1.0,1882.77,2024-11-04 08:08:18
167.44,1,Mesa,1,37.0,0,82.0,1.0,12526.71,2024-11-04 08:10:49
361.46,1,Nashville,2,21.0,3,83.0,1.0,4737.84,2024-11-04 08:10:42
378.85,1,Virginia Beach,1,78.0,2,126.0,1.0,2300.53,2024-11-04 08:09:07
241.11,1,Columbus,1,30.0,0,55.0,1.0,12385.05,2024-11-04 08:10:49
131.93,0,Fort Worth,1,31.0,1,13.0,1.0,4547.06,2024-11-04 08:06:50
1221.65,1,Denver,2,27.0,3,153.0,1.0,243.92,2024-11-04 08:10:41
485.54,1,Louisville,2,19.0,3,148.0,1.0,1533.32,2024-11-04 08:11:09
321.15,1,Los Angeles,1,46.0,0,179.0,1.0,7005.05,2024-11-04 08:06:33
711.3,1,San Jose,1,21.0,3,51.0,1.0,955.4,2024-11-04 08:09:32
12.23,1,Houston,0,42.0,1,139.0,1.0,7844.88,2024-11-04 08:07:29
350.94,1,Colorado Springs,0,20.0,3,64.0,1.0,221.56,2024-11-04 08:10:35
301.85,1,Columbus,2,54.0,1,25.0,1.0,6586.19,2024-11-04 08:10:05
29.34,1,Louisville,2,65.0,2,30.0,1.0,3944.82,2024-11-04 08:11:42
231.71,1,Raleigh,1,27.0,3,148.0,1.0,1127.98,2024-11-04 08:07:02
179.43,1,Oklahoma City,0,58.0,2,244.0,1.0,2626.63,2024-11-04 08:10:00
36.71,1,Jacksonville,1,48.0,0,55.0,1.0,6459.38,2024-11-04 08:11:44
138.12,0,Los Angeles,1,53.0,0,281.0,1.0,1649.69,2024-11-04 08:11:23
233.24,1,Louisville,0,33.0,1,72.0,1.0,6939.23,2024-11-04 08:07:39
436.64,1,Los Angeles,1,31.0,0,111.0,1.0,14365.18,2024-11-04 08:08:23
870.43,1,Los Angeles,1,29.0,0,55.0,1.0,10115.18,2024-11-04 08:07:52
354.4,1,Chicago,0,74.0,2,128.0,1.0,7358.65,2024-11-04 08:10:00
22.63,1,Kansas City,2,53.0,1,112.0,1.0,4438.03,2024-11-04 08:10:56
182.19,1,Mesa,1,26.0,3,53.0,1.0,1176.1,2024-11-04 08:06:27
126.81,1,Philadelphia,1,26.0,1,290.0,1.0,5427.98,2024-11-04 08:12:22
288.17,1,Virginia Beach,2,37.0,1,50.0,1.0,3653.11,2024-11-04 08:10:16
118.77,1,Atlanta,1,55.0,1,123.0,1.0,2104.82,2024-11-04 08:10:29
651.82,1,Indianapolis,0,21.0,3,166.0,1.0,1802.77,2024-11-04 08:07:02
66.65,1,Detroit,0,37.0,1,33.0,1.0,3559.96,2024-11-04 08:11:00
98.53,1,Denver,1,69.0,2,166.0,1.0,3564.8,2024-11-04 08:11:19
138.95,1,Washington,2,71.0,2,30.0,1.0,6752.92,2024-11-04 08:08:37
33.89,1,Nashville,1,26.0,3,177.0,1.0,1444.75,2024-11-04 08:11:36
23.71,1,Atlanta,1,58.0,0,164.0,1.0,10788.89,2024-11-04 08:09:16
1830.0,1,San Antonio,2,55.0,1,238.0,1.0,2235.7,2024-11-04 08:11:59
26.06,1,San Diego,0,65.0,0,283.0,1.0,12893.63,2024-11-04 08:12:00
17.07,1,Los Angeles,1,27.0,1,44.0,1.0,2798.15,2024-11-04 08:11:25
703.89,1,San Antonio,2,46.0,1,62.0,1.0,3583.67,2024-11-04 08:06:44
1271.9,1,Houston,0,47.0,1,155.0,1.0,2120.8,2024-11-04 08:09:27
26.55,1,Houston,0,77.0,2,228.0,1.0,3085.38,2024-11-04 08:07:23
147.4,1,San Jose,1,42.0,1,259.0,1.0,6797.71,2024-11-04 08:07:18
202.11,1,Memphis,0,27.0,3,18.0,1.0,746.47,2024-11-04 08:10:01
308.42,1,Nashville,1,75.0,2,39.0,1.0,5427.81,2024-11-04 08:06:34
11.18,1,Miami,0,53.0,1,144.0,1.0,7467.3,2024-11-04 08:10:57
294.15,1,Fresno,2,38.0,1,136.0,1.0,6362.16,2024-11-04 08:07:20
139.45,1,Boston,2,27.0,3,31.0,1.0,1305.76,2024-11-04 08:10:08
432.63,1,Colorado Springs,0,29.0,0,137.0,1.0,13648.36,2024-11-04 08:10:24
131.43,1,Charlotte,2,43.0,0,65.0,1.0,1337.5,2024-11-04 08:12:12
516.72,1,Mesa,0,42.0,1,128.0,1.0,2015.69,2024-11-04 08:11:35
374.5,0,San Francisco,1,26.0,3,178.0,1.0,1671.51,2024-11-04 08:08:37
166.13,1,Omaha,0,68.0,0,227.0,1.0,11822.53,2024-11-04 08:12:08
626.9,1,Chicago,0,23.0,3,146.0,1.0,587.11,2024-11-04 08:11:30
466.85,1,Austin,1,56.0,2,165.0,1.0,5422.53,2024-11-04 08:09:35
788.84,1,Phoenix,2,58.0,2,231.0,1.0,1913.73,2024-11-04 08:09:42
525.28,1,Colorado Springs,0,69.0,2,134.0,1.0,4693.6,2024-11-04 08:09:39
632.69,1,Denver,0,80.0,2,76.0,1.0,4363.74,2024-11-04 08:09:26
124.35,1,Oklahoma City,0,72.0,2,90.0,1.0,3319.76,2024-11-04 08:11:35
43.85,1,Fresno,0,62.0,2,122.0,1.0,4356.98,2024-11-04 08:07:18
283.81,1,San Diego,1,28.0,3,29.0,1.0,1519.35,2024-11-04 08:10:46
168.53,1,San Francisco,0,71.0,2,112.0,1.0,5962.58,2024-11-04 08:12:09
218.59,0,Denver,1,40.0,1,123.0,1.0,6699.23,2024-11-04 08:07:12
132.84,1,Oklahoma City,0,21.0,3,143.0,1.0,822.73,2024-11-04 08:08:40
157.37,0,Dallas,1,42.0,0,289.0,1.0,13964.31,2024-11-04 08:10:30
144.77,1,Albuquerque,2,20.0,3,159.0,1.0,867.32,2024-11-04 08:10:54
643.22,1,Atlanta,0,64.0,0,93.0,1.0,1035.86,2024-11-04 08:07:46
1392.54,1,El Paso,1,41.0,0,297.0,1.0,13347.69,2024-11-04 08:09:15
208.07,1,Oklahoma City,2,32.0,0,36.0,1.0,8478.9,2024-11-04 08:11:43
295.5,1,Mesa,0,59.0,2,36.0,1.0,6280.66,2024-11-04 08:07:08
30.23,1,Austin,0,44.0,0,99.0,1.0,481.13,2024-11-04 08:12:06
180.24,1,Phoenix,1,58.0,1,144.0,1.0,8431.23,2024-11-04 08:09:17
13.71,0,Denver,2,38.0,1,148.0,1.0,8342.79,2024-11-04 08:11:17
96.54,1,New York,1,58.0,2,95.0,1.0,7182.22,2024-11-04 08:10:31
101.04,1,San Antonio,0,27.0,3,160.0,1.0,1695.57,2024-11-04 08:06:43
39.66,1,Virginia Beach,1,52.0,1,169.0,1.0,8497.34,2024-11-04 08:07:20
99.36,1,Seattle,0,40.0,0,46.0,1.0,1272.12,2024-11-04 08:09:15
123.85,1,Las Vegas,2,56.0,1,244.0,1.0,3959.62,2024-11-04 08:06:36
426.93,1,Omaha,0,19.0,3,248.0,1.0,476.19,2024-11-04 08:09:12
133.73,0,San Jose,2,25.0,3,123.0,1.0,1872.22,2024-11-04 08:09:22
222.39,1,Virginia Beach,2,49.0,1,73.0,1.0,3117.39,2024-11-04 08:10:52
215.94,0,Virginia Beach,2,22.0,3,140.0,1.0,1841.69,2024-11-04 08:10:45
6.3,1,Columbus,1,80.0,2,283.0,5.0,7697.68,2024-11-04 08:12:13
131.46,1,Charlotte,1,67.0,2,258.0,1.0,6642.33,2024-11-04 08:11:30
202.86,0,Memphis,1,61.0,0,149.0,1.0,7642.25,2024-11-04 08:08:54
268.39,1,Miami,0,26.0,3,171.0,1.0,136.74,2024-11-04 08:06:40
194.85,1,Jacksonville,2,23.0,3,130.0,4.0,319.84,2024-11-04 08:08:01
353.82,1,Milwaukee,0,42.0,0,143.0,1.0,705.75,2024-11-04 08:06:40
364.42,1,Colorado Springs,0,51.0,1,146.0,1.0,8119.73,2024-11-04 08:09:16
195.12,1,Louisville,0,46.0,0,144.0,1.0,6101.15,2024-11-04 08:10:40
230.61,1,Raleigh,1,80.0,2,204.0,1.0,2561.42,2024-11-04 08:09:46
739.28,0,Tucson,1,58.0,0,47.0,1.0,11905.64,2024-11-04 08:11:13
390.35,0,Omaha,0,64.0,0,61.0,1.0,7095.88,2024-11-04 08:10:01
242.03,1,Dallas,2,58.0,1,124.0,1.0,4382.73,2024-11-04 08:07:12
242.39,0,San Antonio,0,18.0,3,271.0,1.0,1328.73,2024-11-04 08:06:48
135.03,1,San Francisco,0,23.0,3,180.0,1.0,1278.0,2024-11-04 08:08:18
193.54,1,Oklahoma City,1,80.0,2,267.0,1.0,2929.51,2024-11-04 08:08:26
775.23,0,Albuquerque,2,59.0,0,38.0,1.0,5977.59,2024-11-04 08:07:01
266.57,1,El Paso,0,72.0,2,100.0,1.0,7676.92,2024-11-04 08:09:17
153.4,1,Mesa,0,45.0,1,144.0,1.0,4657.7,2024-11-04 08:08:08
946.94,1,Charlotte,1,53.0,2,251.0,1.0,5579.11,2024-11-04 08:07:11
5.12,1,New York,1,34.0,1,90.0,1.0,3293.01,2024-11-04 08:10:31
119.11,1,Detroit,0,57.0,1,131.0,1.0,7998.25,2024-11-04 08:09:48
1096.7,1,Colorado Springs,2,24.0,3,147.0,1.0,1093.89,2024-11-04 08:11:28
119.72,1,Tucson,1,30.0,1,123.0,1.0,3435.34,2024-11-04 08:10:20
107.4,1,Virginia Beach,2,58.0,0,32.0,1.0,344.07,2024-11-04 08:08:03
115.92,1,Raleigh,0,53.0,2,57.0,1.0,3897.17,2024-11-04 08:09:02
438.04,1,Philadelphia,0,67.0,2,247.0,1.0,5358.95,2024-11-04 08:06:33
677.29,1,Houston,2,27.0,1,287.0,1.0,627.79,2024-11-04 08:07:16
296.0,1,Las Vegas,1,35.0,0,248.0,1.0,7418.82,2024-11-04 08:06:54
299.09,0,Boston,1,36.0,1,84.0,1.0,5615.26,2024-11-04 08:08:01
461.52,0,Denver,1,24.0,3,44.0,1.0,1995.18,2024-11-04 08:08:53
100.52,1,Las Vegas,0,50.0,1,110.0,1.0,453.39,2024-11-04 08:11:28
85.35,1,Washington,0,66.0,2,166.0,1.0,2173.76,2024-11-04 08:06:25
79.76,1,Raleigh,1,39.0,1,170.0,1.0,6452.14,2024-11-04 08:09:34
778.49,0,Omaha,2,75.0,2,107.0,1.0,7713.67,2024-11-04 08:09:21
386.38,1,Phoenix,2,42.0,1,135.0,1.0,5528.36,2024-11-04 08:10:06
14.29,1,Los Angeles,0,34.0,1,150.0,1.0,7016.99,2024-11-04 08:08:52
232.79,0,Indianapolis,1,55.0,2,145.0,1.0,2661.3,2024-11-04 08:11:40
1237.56,0,Austin,1,60.0,1,159.0,1.0,9410.17,2024-11-04 08:11:45
293.97,1,Phoenix,1,68.0,2,153.0,1.0,7371.85,2024-11-04 08:08:57
136.32,1,Miami,2,19.0,3,113.0,1.0,264.83,2024-11-04 08:09:24
251.06,1,Colorado Springs,2,36.0,0,34.0,1.0,10001.66,2024-11-04 08:10:13
50.17,0,Sacramento,0,77.0,2,35.0,1.0,7752.14,2024-11-04 08:10:59
21.4,1,Fresno,1,34.0,1,258.0,1.0,9594.11,2024-11-04 08:11:40
73.28,1,Boston,1,21.0,3,21.0,1.0,1329.41,2024-11-04 08:10:57
70.23,1,Memphis,0,38.0,0,260.0,1.0,11624.93,2024-11-04 08:07:16
689.29,1,El Paso,0,22.0,3,100.0,1.0,168.84,2024-11-04 08:07:49
745.03,1,Fort Worth,2,28.0,3,231.0,1.0,160.57,2024-11-04 08:09:15
54.61,1,Milwaukee,0,58.0,1,160.0,1.0,7135.64,2024-11-04 08:07:19
54.05,1,Louisville,1,27.0,3,146.0,1.0,469.14,2024-11-04 08:11:34
107.47,1,Austin,2,67.0,2,144.0,1.0,7517.5,2024-11-04 08:12:09
611.11,1,Detroit,0,20.0,3,282.0,4.0,919.84,2024-11-04 08:11:12
219.63,1,Charlotte,0,48.0,0,44.0,1.0,8013.63,2024-11-04 08:07:29
93.52,1,Philadelphia,2,51.0,1,97.0,1.0,2791.2,2024-11-04 08:08:04
275.92,0,Nashville,1,62.0,2,107.0,1.0,1777.38,2024-11-04 08:07:39
376.79,1,Milwaukee,1,68.0,2,265.0,1.0,7749.14,2024-11-04 08:08:44
697.32,1,Atlanta,2,68.0,2,91.0,1.0,2016.02,2024-11-04 08:11:18
302.16,1,Kansas City,2,80.0,2,138.0,5.0,3876.61,2024-11-04 08:07:38
442.74,1,San Diego,1,23.0,3,136.0,1.0,1790.27,2024-11-04 08:09:45
623.9,1,San Jose,0,27.0,3,249.0,1.0,711.47,2024-11-04 08:10:15
445.41,1,Fresno,0,35.0,0,235.0,3.0,12154.66,2024-11-04 08:08:08
63.41,1,Fort Worth,0,26.0,3,36.0,1.0,1546.22,2024-11-04 08:07:15
346.85,1,Kansas City,0,44.0,0,88.0,1.0,7208.15,2024-11-04 08:10:25
7.5,1,Dallas,2,63.0,2,36.0,1.0,6485.78,2024-11-04 08:11:28
206.46,1,Virginia Beach,0,65.0,2,279.0,1.0,3984.38,2024-11-04 08:06:44
423.11,1,Columbus,0,60.0,1,47.0,1.0,412.78,2024-11-04 08:10:58
35.84,0,Colorado Springs,2,54.0,2,172.0,1.0,4795.65,2024-11-04 08:10:57
88.6,0,Raleigh,1,28.0,3,105.0,1.0,246.57,2024-11-04 08:08:47
1431.3,1,Oklahoma City,0,18.0,3,168.0,1.0,1058.13,2024-11-04 08:11:20
22.46,1,New York,2,54.0,2,78.0,1.0,6631.5,2024-11-04 08:07:46
334.89,1,Fort Worth,2,21.0,3,260.0,1.0,1661.68,2024-11-04 08:08:44
319.27,0,Omaha,2,54.0,2,59.0,1.0,5504.01,2024-11-04 08:06:35
144.3,1,Oklahoma City,0,18.0,3,88.0,1.0,312.19,2024-11-04 08:10:39
348.7,0,Fresno,1,69.0,2,149.0,1.0,2445.58,2024-11-04 08:06:58
366.21,1,Oklahoma City,0,62.0,0,181.0,1.0,10862.99,2024-11-04 08:11:36
99.11,1,Philadelphia,2,55.0,2,12.0,1.0,5414.87,2024-11-04 08:09:35
539.35,1,Milwaukee,0,55.0,2,127.0,1.0,3919.44,2024-11-04 08:11:49
188.99,1,Oklahoma City,1,58.0,1,92.0,1.0,7315.34,2024-11-04 08:07:32
1416.69,1,Nashville,0,46.0,1,58.0,1.0,3740.73,2024-11-04 08:11:35
710.14,1,El Paso,0,26.0,3,227.0,1.0,465.63,2024-11-04 08:12:20
308.68,1,Milwaukee,2,53.0,0,170.0,1.0,9992.36,2024-11-04 08:10:16
166.68,1,Mesa,0,57.0,2,139.0,1.0,5141.19,2024-11-04 08:12:19
505.19,1,Kansas City,0,30.0,0,128.0,5.0,5326.68,2024-11-04 08:10:19
66.58,1,Raleigh,1,23.0,3,79.0,1.0,1636.32,2024-11-04 08:08:48
223.43,1,Dallas,1,77.0,2,178.0,1.0,7932.41,2024-11-04 08:09:38
659.95,1,Detroit,2,60.0,1,114.0,1.0,3927.69,2024-11-04 08:06:26
634.86,1,Chicago,0,27.0,3,45.0,1.0,588.5,2024-11-04 08:08:00
286.5,0,Boston,1,30.0,1,60.0,1.0,8517.95,2024-11-04 08:09:17
322.96,0,Philadelphia,1,76.0,2,168.0,1.0,2401.59,2024-11-04 08:11:24
654.48,1,Columbus,1,19.0,3,114.0,1.0,6776.41,2024-11-04 08:10:17
157.97,1,Philadelphia,1,48.0,0,140.0,1.0,5529.92,2024-11-04 08:10:06
254.77,1,Denver,1,57.0,1,57.0,1.0,5994.87,2024-11-04 08:07:07
795.96,1,Raleigh,2,65.0,2,119.0,1.0,5468.58,2024-11-04 08:08:26
149.25,1,Omaha,0,39.0,1,142.0,1.0,5677.52,2024-11-04 08:07:41
68.19,0,Fresno,2,40.0,0,189.0,1.0,9895.1,2024-11-04 08:07:50
37.57,1,El Paso,0,57.0,2,42.0,1.0,7739.54,2024-11-04 08:09:21
127.0,0,Nashville,1,19.0,3,68.0,5.0,431.16,2024-11-04 08:10:12
448.33,1,Atlanta,0,25.0,3,161.0,1.0,922.19,2024-11-04 08:09:44
1116.48,1,San Diego,0,51.0,1,55.0,1.0,447.53,2024-11-04 08:11:35
8.65,1,Las Vegas,2,48.0,0,273.0,1.0,10778.35,2024-11-04 08:09:03
539.81,1,San Francisco,2,46.0,1,177.0,1.0,2051.25,2024-11-04 08:09:05
363.53,1,Kansas City,0,63.0,2,142.0,1.0,1038.91,2024-11-04 08:10:57
64.9,0,Detroit,1,51.0,2,72.0,1.0,6854.61,2024-11-04 08:10:18
358.18,1,Boston,0,18.0,3,157.0,1.0,619.86,2024-11-04 08:07:58
167.2,1,San Antonio,1,30.0,0,84.0,1.0,11320.83,2024-11-04 08:06:52
121.91,1,Chicago,1,60.0,0,133.0,1.0,14510.8,2024-11-04 08:08:59
137.57,1,Louisville,2,54.0,1,70.0,1.0,5103.67,2024-11-04 08:11:22
534.62,1,Oklahoma City,2,55.0,0,45.0,1.0,13793.53,2024-11-04 08:06:35
463.92,1,Mesa,2,50.0,1,199.0,1.0,2403.39,2024-11-04 08:09:14
320.14,1,Milwaukee,2,60.0,2,96.0,1.0,3075.97,2024-11-04 08:07:40
214.93,1,Albuquerque,2,28.0,3,52.0,1.0,7835.4,2024-11-04 08:08:51
660.02,1,Nashville,1,20.0,3,84.0,1.0,414.43,2024-11-04 08:08:35
345.81,1,Raleigh,1,40.0,1,135.0,1.0,6116.8,2024-11-04 08:12:14
143.54,1,Philadelphia,0,71.0,2,80.0,1.0,6067.62,2024-11-04 08:08:22
1063.25,0,Omaha,2,21.0,3,128.0,1.0,1240.71,2024-11-04 08:07:39
541.79,1,Mesa,0,22.0,3,125.0,1.0,1454.08,2024-11-04 08:11:29
40.57,1,Columbus,1,26.0,3,63.0,1.0,1476.91,2024-11-04 08:06:37
120.24,1,Milwaukee,1,18.0,3,131.0,2.0,1943.13,2024-11-04 08:08:20
498.67,1,Miami,2,28.0,3,244.0,1.0,1719.97,2024-11-04 08:08:24
227.22,1,El Paso,0,53.0,0,220.0,1.0,832.82,2024-11-04 08:11:56
1182.86,1,Tucson,2,30.0,1,34.0,1.0,7696.16,2024-11-04 08:08:58
59.44,1,Chicago,2,35.0,1,176.0,1.0,5472.03,2024-11-04 08:06:34
230.46,1,Mesa,2,19.0,3,179.0,1.0,162.53,2024-11-04 08:08:50
65.09,0,Seattle,2,44.0,1,159.0,1.0,9370.9,2024-11-04 08:09:41
457.09,0,Nashville,2,55.0,1,63.0,1.0,8570.82,2024-11-04 08:08:45
552.02,0,Chicago,0,44.0,1,100.0,1.0,522.08,2024-11-04 08:09:25
377.12,1,Houston,0,34.0,1,61.0,1.0,836.67,2024-11-04 08:11:40
204.56,0,San Diego,1,18.0,3,179.0,1.0,364.72,2024-11-04 08:10:26
420.28,1,Washington,1,35.0,0,144.0,1.0,8557.32,2024-11-04 08:09:01
97.09,1,Fort Worth,0,24.0,3,202.0,4.0,1579.57,2024-11-04 08:06:33
124.59,1,Charlotte,1,27.0,3,171.0,1.0,129.29,2024-11-04 08:09:21
73.88,1,Charlotte,2,39.0,0,34.0,1.0,6474.41,2024-11-04 08:09:09
106.16,1,Phoenix,0,56.0,0,277.0,4.0,7487.79,2024-11-04 08:08:51
245.93,1,Fresno,1,54.0,1,172.0,1.0,7986.63,2024-11-04 08:11:58
622.41,1,Indianapolis,0,64.0,0,125.0,1.0,7322.01,2024-11-04 08:07:48
43.73,1,Omaha,0,34.0,0,145.0,1.0,9929.43,2024-11-04 08:10:33
1282.86,1,Austin,1,19.0,3,68.0,1.0,1830.98,2024-11-04 08:07:32
2.03,0,Detroit,0,33.0,1,28.0,1.0,3012.31,2024-11-04 08:08:50
770.65,1,Jacksonville,2,31.0,0,137.0,1.0,7198.8,2024-11-04 08:09:01
260.31,1,Austin,1,63.0,0,113.0,1.0,10980.38,2024-11-04 08:12:03
356.1,0,Fort Worth,1,26.0,3,187.0,1.0,868.35,2024-11-04 08:11:02
27.07,0,Virginia Beach,1,80.0,2,39.0,1.0,3773.29,2024-11-04 08:09:57
119.89,1,Tucson,0,67.0,0,60.0,1.0,6697.77,2024-11-04 08:09:02
106.39,1,Virginia Beach,2,37.0,0,281.0,1.0,9410.99,2024-11-04 08:10:32
12.04,1,Fort Worth,2,37.0,1,58.0,1.0,6213.32,2024-11-04 08:08:25
365.7,1,Houston,1,21.0,3,115.0,2.0,368.78,2024-11-04 08:10:17
29.38,0,Baltimore,1,28.0,3,63.0,1.0,1663.31,2024-11-04 08:11:08
319.85,1,Denver,0,60.0,0,148.0,1.0,711.66,2024-11-04 08:07:45
350.14,0,Los Angeles,2,75.0,2,38.0,1.0,2403.25,2024-11-04 08:08:40
163.94,0,Virginia Beach,1,52.0,2,73.0,1.0,5957.37,2024-11-04 08:09:51
170.53,1,Oklahoma City,1,24.0,3,58.0,1.0,801.01,2024-11-04 08:09:49
41.49,1,Albuquerque,2,24.0,3,13.0,1.0,928.33,2024-11-04 08:12:03
121.43,0,Sacramento,1,52.0,1,243.0,1.0,7365.28,2024-11-04 08:07:28
350.46,1,Nashville,1,51.0,2,165.0,1.0,5839.38,2024-11-04 08:06:32
220.41,0,El Paso,2,26.0,1,155.0,1.0,5116.98,2024-11-04 08:10:04
33.46,1,Seattle,0,72.0,2,111.0,1.0,3641.07,2024-11-04 08:09:12
104.79,1,Denver,0,70.0,0,223.0,1.0,1352.19,2024-11-04 08:10:07
246.27,1,Fresno,2,29.0,0,141.0,1.0,7299.86,2024-11-04 08:10:57
48.85,1,Dallas,0,19.0,3,176.0,1.0,1503.56,2024-11-04 08:07:15
332.0,1,Charlotte,0,69.0,2,17.0,1.0,5943.13,2024-11-04 08:07:03
118.1,1,Memphis,2,54.0,1,167.0,1.0,895.66,2024-11-04 08:09:14
84.59,0,Las Vegas,1,67.0,0,10.0,1.0,5669.1,2024-11-04 08:07:12
295.64,1,Jacksonville,2,21.0,3,82.0,1.0,1061.96,2024-11-04 08:10:41
514.33,1,Philadelphia,1,25.0,3,160.0,1.0,1592.94,2024-11-04 08:12:17
94.59,1,Washington,2,39.0,0,34.0,1.0,6171.89,2024-11-04 08:10:37
80.43,1,Columbus,1,59.0,2,157.0,1.0,5987.67,2024-11-04 08:08:18
54.25,1,Virginia Beach,2,68.0,0,37.0,1.0,14783.33,2024-11-04 08:08:53
178.88,0,Dallas,1,76.0,2,93.0,4.0,4708.29,2024-11-04 08:12:10
518.85,1,Kansas City,2,22.0,3,82.0,1.0,1806.0,2024-11-04 08:06:37
10.65,1,Louisville,2,54.0,0,161.0,1.0,13240.72,2024-11-04 08:10:21
107.03,1,Miami,1,27.0,3,73.0,1.0,1408.07,2024-11-04 08:12:13
139.57,1,Fort Worth,0,19.0,3,263.0,3.0,271.78,2024-11-04 08:07:23
346.11,1,Dallas,1,41.0,1,213.0,1.0,9551.64,2024-11-04 08:08:03
138.06,1,Charlotte,1,44.0,1,159.0,1.0,1070.47,2024-11-04 08:06:52
158.02,1,New York,0,49.0,1,120.0,1.0,9374.24,2024-11-04 08:09:57
830.01,0,Chicago,2,66.0,2,96.0,1.0,4253.18,2024-11-04 08:11:27
110.49,1,Raleigh,2,57.0,0,48.0,1.0,10483.93,2024-11-04 08:12:20
329.4,1,Denver,2,34.0,0,68.0,1.0,9588.07,2024-11-04 08:07:55
635.4,1,Denver,0,47.0,0,106.0,1.0,1238.11,2024-11-04 08:11:45
769.97,1,San Diego,1,22.0,3,23.0,1.0,1244.93,2024-11-04 08:09:51
175.07,1,Colorado Springs,1,26.0,3,169.0,1.0,1040.25,2024-11-04 08:08:15
7.31,1,Las Vegas,1,78.0,2,282.0,1.0,5757.67,2024-11-04 08:07:15
32.54,1,Oklahoma City,2,25.0,3,183.0,4.0,1544.88,2024-11-04 08:07:01
56.12,1,El Paso,0,30.0,0,102.0,1.0,8839.67,2024-11-04 08:09:30
424.7,0,Miami,2,56.0,2,178.0,1.0,6239.89,2024-11-04 08:08:25
35.73,1,Miami,1,65.0,0,87.0,1.0,9073.17,2024-11-04 08:11:09
3.44,1,Fort Worth,0,78.0,2,108.0,1.0,7561.33,2024-11-04 08:12:20
1342.25,0,Fort Worth,1,21.0,3,235.0,1.0,694.03,2024-11-04 08:08:00
139.03,0,Los Angeles,2,50.0,1,81.0,1.0,2276.57,2024-11-04 08:11:29
254.92,0,San Antonio,0,28.0,1,169.0,1.0,2791.12,2024-11-04 08:07:18
115.11,1,Albuquerque,2,28.0,1,139.0,1.0,9808.97,2024-11-04 08:10:18
171.11,1,San Francisco,0,57.0,2,171.0,1.0,6324.09,2024-11-04 08:08:40
168.54,1,Oklahoma City,0,70.0,0,142.0,2.0,13406.0,2024-11-04 08:08:14
408.46,1,Raleigh,1,64.0,2,28.0,1.0,3140.79,2024-11-04 08:08:20
1162.42,0,Detroit,2,30.0,0,45.0,1.0,10357.26,2024-11-04 08:09:09
342.17,0,New York,1,21.0,3,247.0,1.0,461.83,2024-11-04 08:08:32
580.71,1,Philadelphia,0,53.0,1,95.0,1.0,5670.0,2024-11-04 08:10:54
821.54,0,Atlanta,1,79.0,2,36.0,1.0,4040.32,2024-11-04 08:11:57
253.47,1,Atlanta,1,20.0,3,238.0,1.0,220.51,2024-11-04 08:08:12
22.81,1,New York,2,62.0,2,75.0,1.0,3634.76,2024-11-04 08:07:59
266.57,0,Boston,2,39.0,1,96.0,1.0,7180.48,2024-11-04 08:07:10
374.61,0,Mesa,2,75.0,2,37.0,1.0,1389.71,2024-11-04 08:11:24
339.35,0,Boston,0,78.0,2,70.0,1.0,5002.7,2024-11-04 08:08:17
810.36,1,Columbus,0,20.0,3,67.0,1.0,9239.12,2024-11-04 08:07:19
9.83,1,Memphis,0,24.0,3,86.0,1.0,666.42,2024-11-04 08:09:03
135.57,0,Boston,1,51.0,0,116.0,1.0,11351.64,2024-11-04 08:11:44
340.05,1,Detroit,0,43.0,1,37.0,1.0,7234.15,2024-11-04 08:07:43
283.45,1,Colorado Springs,1,27.0,1,127.0,1.0,2049.51,2024-11-04 08:08:51
100.99,1,New York,0,68.0,0,114.0,1.0,8865.27,2024-11-04 08:09:12
90.88,1,Albuquerque,1,18.0,3,176.0,1.0,3908.47,2024-11-04 08:07:13
655.15,1,Seattle,0,26.0,1,264.0,1.0,5587.44,2024-11-04 08:07:15
320.55,1,Milwaukee,2,50.0,1,118.0,1.0,438.75,2024-11-04 08:08:14
41.51,1,Phoenix,2,28.0,3,48.0,1.0,609.6,2024-11-04 08:11:54
71.53,0,Jacksonville,1,68.0,2,39.0,1.0,2393.73,2024-11-04 08:12:00
467.13,0,Kansas City,1,54.0,2,45.0,1.0,3914.84,2024-11-04 08:06:58
235.4,1,Detroit,1,28.0,3,70.0,1.0,818.36,2024-11-04 08:10:13
159.32,1,Seattle,1,18.0,3,100.0,1.0,304.44,2024-11-04 08:10:32
50.83,0,Philadelphia,2,30.0,0,48.0,1.0,9553.42,2024-11-04 08:10:06
56.89,0,Houston,1,59.0,1,56.0,1.0,3034.67,2024-11-04 08:09:52
20.22,1,Jacksonville,0,43.0,1,138.0,1.0,5515.32,2024-11-04 08:06:32
50.4,1,San Antonio,1,36.0,0,84.0,1.0,1677.01,2024-11-04 08:07:17
73.88,1,Los Angeles,1,53.0,2,131.0,1.0,4055.55,2024-11-04 08:08:11
119.61,1,San Diego,0,33.0,0,53.0,1.0,9899.94,2024-11-04 08:07:28
1241.05,1,Miami,1,18.0,3,129.0,1.0,756.74,2024-11-04 08:11:48
116.58,1,Raleigh,1,43.0,1,247.0,1.0,2620.74,2024-11-04 08:06:50
156.26,0,Virginia Beach,1,46.0,1,160.0,1.0,7854.1,2024-11-04 08:09:29
427.0,0,Oklahoma City,1,49.0,1,163.0,1.0,8253.65,2024-11-04 08:07:30
67.57,1,Charlotte,1,37.0,1,107.0,1.0,2766.12,2024-11-04 08:11:15
326.29,1,Denver,2,56.0,1,179.0,1.0,8171.26,2024-11-04 08:10:44
158.56,1,Sacramento,0,33.0,0,100.0,1.0,5401.21,2024-11-04 08:10:48
56.02,1,Memphis,2,27.0,3,142.0,1.0,3548.02,2024-11-04 08:07:58
245.67,0,Portland,1,24.0,3,107.0,1.0,752.25,2024-11-04 08:07:45
152.18,0,Los Angeles,2,39.0,1,176.0,4.0,2459.84,2024-11-04 08:10:50
114.35,0,El Paso,1,41.0,1,21.0,1.0,469.12,2024-11-04 08:10:13
504.63,1,Portland,2,60.0,1,168.0,1.0,3806.16,2024-11-04 08:07:50
126.22,1,Atlanta,0,46.0,1,77.0,4.0,6133.41,2024-11-04 08:07:41
820.15,1,Kansas City,1,47.0,0,181.0,1.0,8802.97,2024-11-04 08:10:34
8.37,1,Colorado Springs,0,63.0,2,135.0,1.0,1106.34,2024-11-04 08:11:23
197.49,0,Fresno,2,53.0,2,30.0,1.0,5005.33,2024-11-04 08:06:40
637.97,1,New York,1,58.0,2,90.0,1.0,7949.03,2024-11-04 08:07:56
13.52,1,Seattle,0,26.0,3,65.0,1.0,259.77,2024-11-04 08:06:30
432.1,1,San Francisco,0,49.0,1,240.0,1.0,2114.3,2024-11-04 08:10:16
375.17,1,Fort Worth,0,51.0,1,66.0,2.0,5495.3,2024-11-04 08:11:26
642.68,1,Fresno,1,50.0,0,94.0,1.0,8461.46,2024-11-04 08:08:38
78.44,0,San Jose,2,52.0,2,292.0,1.0,6870.84,2024-11-04 08:10:39
139.72,1,Memphis,1,49.0,1,201.0,1.0,5058.83,2024-11-04 08:08:24
499.99,1,San Jose,1,31.0,1,296.0,1.0,8885.0,2024-11-04 08:09:05
10.07,1,Albuquerque,2,24.0,3,49.0,1.0,530.81,2024-11-04 08:08:57
120.62,1,Raleigh,0,23.0,3,85.0,1.0,9379.53,2024-11-04 08:06:39
578.49,1,Nashville,1,59.0,2,180.0,1.0,6475.13,2024-11-04 08:06:50
119.3,1,Mesa,1,34.0,1,22.0,5.0,319.04,2024-11-04 08:08:55
280.92,1,Phoenix,2,41.0,0,168.0,1.0,5298.85,2024-11-04 08:06:41
42.42,1,Sacramento,2,21.0,3,102.0,1.0,490.57,2024-11-04 08:09:11
77.03,1,Fresno,0,67.0,0,259.0,1.0,11310.27,2024-11-04 08:08:06
22.59,1,Seattle,0,62.0,2,45.0,1.0,3988.75,2024-11-04 08:08:22
568.76,1,Baltimore,0,51.0,2,155.0,1.0,7484.32,2024-11-04 08:12:09
105.94,1,Oklahoma City,1,51.0,1,207.0,1.0,5963.1,2024-11-04 08:09:59
733.29,1,Virginia Beach,0,52.0,0,94.0,5.0,10427.0,2024-11-04 08:07:12
350.15,0,Fresno,0,21.0,3,195.0,1.0,296.47,2024-11-04 08:08:37
1151.18,1,Kansas City,0,65.0,0,105.0,1.0,1100.06,2024-11-04 08:07:02
183.67,1,San Diego,2,19.0,3,238.0,1.0,910.26,2024-11-04 08:11:05
278.27,1,Tucson,1,29.0,0,123.0,1.0,6684.34,2024-11-04 08:09:58
470.3,1,Austin,0,40.0,0,88.0,1.0,8524.09,2024-11-04 08:08:00
261.69,1,Philadelphia,0,53.0,2,84.0,1.0,5126.65,2024-11-04 08:09:09
365.04,1,Virginia Beach,1,22.0,3,94.0,1.0,873.89,2024-11-04 08:12:08
211.1,1,Miami,1,57.0,2,136.0,1.0,7059.77,2024-11-04 08:07:01
21.49,1,Denver,0,58.0,0,240.0,1.0,11991.24,2024-11-04 08:08:08
63.58,1,Columbus,0,18.0,3,199.0,1.0,8086.04,2024-11-04 08:11:56
321.86,1,San Antonio,0,63.0,0,167.0,1.0,12626.49,2024-11-04 08:06:35
642.54,1,Milwaukee,1,44.0,1,28.0,1.0,3143.17,2024-11-04 08:10:37
313.65,0,Chicago,1,55.0,2,173.0,1.0,1886.36,2024-11-04 08:10:49
99.76,1,Sacramento,1,26.0,3,131.0,1.0,416.89,2024-11-04 08:06:26
115.32,1,Denver,1,53.0,2,113.0,1.0,5929.08,2024-11-04 08:08:36
33.61,1,Milwaukee,2,23.0,3,72.0,1.0,479.08,2024-11-04 08:08:40
498.59,0,Oklahoma City,2,33.0,0,32.0,1.0,5862.99,2024-11-04 08:06:58
98.81,1,San Francisco,1,27.0,3,91.0,1.0,797.1,2024-11-04 08:08:11
1.87,1,Washington,0,65.0,2,147.0,1.0,7287.94,2024-11-04 08:09:48
78.92,0,Jacksonville,2,59.0,1,95.0,1.0,5624.86,2024-11-04 08:08:28
194.29,0,Seattle,1,39.0,1,10.0,1.0,2988.41,2024-11-04 08:08:57
105.53,1,Colorado Springs,2,24.0,3,88.0,1.0,1433.66,2024-11-04 08:10:14
737.34,1,Miami,2,30.0,0,34.0,1.0,7336.56,2024-11-04 08:08:06
237.86,1,Philadelphia,0,18.0,3,210.0,1.0,475.63,2024-11-04 08:10:20
409.61,1,Kansas City,1,65.0,0,89.0,1.0,11698.15,2024-11-04 08:10:16
75.53,0,Fresno,2,21.0,3,157.0,1.0,1034.35,2024-11-04 08:07:11
72.75,1,Phoenix,0,64.0,0,15.0,1.0,12042.79,2024-11-04 08:07:19
39.11,1,Columbus,2,26.0,3,143.0,1.0,518.54,2024-11-04 08:08:27
1309.79,1,San Francisco,0,23.0,3,139.0,1.0,1258.93,2024-11-04 08:11:14
729.38,1,Los Angeles,0,68.0,0,90.0,1.0,9127.65,2024-11-04 08:08:16
137.49,1,Fort Worth,0,34.0,1,50.0,1.0,4471.05,2024-11-04 08:07:04
504.71,1,Detroit,2,29.0,1,61.0,1.0,6214.54,2024-11-04 08:08:37
371.47,0,Milwaukee,1,24.0,3,58.0,1.0,1187.04,2024-11-04 08:07:09
430.35,1,Charlotte,2,36.0,0,205.0,1.0,354.9,2024-11-04 08:10:51
230.32,1,Las Vegas,1,35.0,1,56.0,1.0,791.46,2024-11-04 08:08:34
121.71,1,Chicago,0,52.0,2,140.0,1.0,5878.89,2024-11-04 08:11:23
98.87,1,Detroit,2,20.0,3,179.0,1.0,533.2,2024-11-04 08:06:58
117.55,1,Fresno,0,24.0,3,35.0,1.0,897.94,2024-11-04 08:11:13
244.64,1,Tucson,1,30.0,0,103.0,1.0,9159.56,2024-11-04 08:06:53
321.93,1,Nashville,0,45.0,1,12.0,1.0,4392.73,2024-11-04 08:07:51
346.65,1,Washington,2,30.0,1,60.0,1.0,6356.96,2024-11-04 08:06:58
388.65,1,Oklahoma City,0,76.0,2,43.0,1.0,7896.85,2024-11-04 08:08:15
29.22,1,San Antonio,0,24.0,3,151.0,1.0,1649.43,2024-11-04 08:09:03
46.75,1,Colorado Springs,1,67.0,2,150.0,1.0,2840.43,2024-11-04 08:09:20
348.64,1,San Jose,2,57.0,2,128.0,1.0,3274.96,2024-11-04 08:11:22
319.17,1,Tucson,2,73.0,2,81.0,1.0,6501.56,2024-11-04 08:08:49
73.95,1,Kansas City,0,26.0,3,76.0,1.0,363.92,2024-11-04 08:07:22
389.63,1,Mesa,2,27.0,1,99.0,1.0,9748.48,2024-11-04 08:08:55
217.61,1,Chicago,0,19.0,3,45.0,1.0,1404.53,2024-11-04 08:10:08
199.84,1,Dallas,0,21.0,3,150.0,1.0,706.44,2024-11-04 08:09:14
56.35,1,Charlotte,0,44.0,0,75.0,1.0,5095.73,2024-11-04 08:07:36
248.95,0,San Francisco,1,65.0,2,29.0,1.0,3059.79,2024-11-04 08:09:32
142.58,1,San Antonio,0,33.0,1,145.0,1.0,7844.23,2024-11-04 08:06:46
1607.55,1,Phoenix,0,31.0,1,156.0,1.0,6227.99,2024-11-04 08:07:33
333.78,1,San Diego,0,60.0,2,98.0,1.0,6810.94,2024-11-04 08:07:50
332.59,1,San Antonio,2,55.0,2,143.0,1.0,1457.07,2024-11-04 08:09:05
236.81,1,Oklahoma City,1,22.0,3,15.0,1.0,813.68,2024-11-04 08:07:18
417.8,0,Philadelphia,1,27.0,3,130.0,1.0,1518.82,2024-11-04 08:09:17
319.27,1,San Antonio,0,50.0,0,150.0,1.0,10269.78,2024-11-04 08:12:18
820.62,0,Fresno,1,61.0,0,158.0,1.0,6024.8,2024-11-04 08:07:28
474.77,0,Indianapolis,2,56.0,1,50.0,1.0,2158.59,2024-11-04 08:08:36
542.72,0,Indianapolis,1,43.0,0,92.0,1.0,6011.8,2024-11-04 08:08:53
79.8,1,Fort Worth,0,73.0,2,76.0,1.0,6372.58,2024-11-04 08:06:48
46.24,1,San Diego,1,57.0,1,52.0,1.0,2569.56,2024-11-04 08:07:24
327.8,1,San Francisco,0,61.0,0,54.0,1.0,10585.48,2024-11-04 08:09:18
445.79,1,Las Vegas,0,52.0,0,161.0,1.0,717.99,2024-11-04 08:12:05
55.89,1,Fresno,2,72.0,2,150.0,1.0,3689.65,2024-11-04 08:11:33
158.41,1,Sacramento,1,28.0,3,16.0,1.0,1512.16,2024-11-04 08:10:03
101.19,0,Denver,2,64.0,0,75.0,1.0,14389.45,2024-11-04 08:09:44
827.14,1,El Paso,1,36.0,1,265.0,4.0,9800.21,2024-11-04 08:08:14
61.97,1,Phoenix,0,74.0,2,95.0,1.0,7014.69,2024-11-04 08:10:47
27.21,1,San Jose,0,79.0,2,102.0,1.0,3520.61,2024-11-04 08:06:49
173.74,1,Houston,2,80.0,2,64.0,1.0,4913.42,2024-11-04 08:11:52
176.11,1,San Jose,1,38.0,1,105.0,1.0,9155.35,2024-11-04 08:10:30
88.4,1,Fort Worth,2,46.0,1,174.0,1.0,2567.53,2024-11-04 08:09:41
567.92,1,Columbus,2,53.0,2,14.0,1.0,3779.47,2024-11-04 08:12:12
138.11,0,Phoenix,2,68.0,2,104.0,1.0,4177.65,2024-11-04 08:07:04
456.93,0,Virginia Beach,1,28.0,1,193.0,1.0,7284.76,2024-11-04 08:09:29
101.42,1,Atlanta,2,66.0,2,146.0,1.0,6530.59,2024-11-04 08:12:22
300.61,1,El Paso,2,44.0,0,51.0,1.0,7895.54,2024-11-04 08:11:56
265.94,1,Boston,2,54.0,1,132.0,1.0,6781.3,2024-11-04 08:06:37
345.54,1,San Diego,2,29.0,1,50.0,1.0,2091.78,2024-11-04 08:11:09
411.52,1,Los Angeles,0,41.0,0,88.0,1.0,11108.39,2024-11-04 08:09:13
111.21,1,Portland,1,35.0,0,111.0,1.0,9088.36,2024-11-04 08:12:12
316.37,1,Colorado Springs,0,53.0,1,86.0,1.0,4671.69,2024-11-04 08:08:00
260.63,1,Fort Worth,1,37.0,1,142.0,1.0,7534.73,2024-11-04 08:08:49
92.36,1,Dallas,0,29.0,1,144.0,1.0,6353.14,2024-11-04 08:07:55
262.06,1,Oklahoma City,1,63.0,0,118.0,1.0,13587.52,2024-11-04 08:10:23
64.5,1,Denver,0,74.0,2,230.0,1.0,1351.24,2024-11-04 08:08:31
253.55,1,Jacksonville,0,28.0,1,85.0,5.0,2797.26,2024-11-04 08:09:12
175.94,1,Indianapolis,0,57.0,2,89.0,1.0,3728.04,2024-11-04 08:07:11
199.47,1,Detroit,2,57.0,0,142.0,1.0,6067.44,2024-11-04 08:07:22
51.07,1,Dallas,1,63.0,2,133.0,1.0,4292.16,2024-11-04 08:12:12
435.86,1,Jacksonville,0,56.0,2,134.0,1.0,3801.82,2024-11-04 08:09:18
74.73,0,Jacksonville,1,64.0,2,162.0,1.0,6353.22,2024-11-04 08:08:26
182.79,0,Louisville,2,23.0,3,14.0,1.0,1251.85,2024-11-04 08:06:54
628.36,1,Austin,2,44.0,0,108.0,1.0,11869.71,2024-11-04 08:07:32
268.39,1,San Antonio,2,29.0,0,177.0,1.0,9409.43,2024-11-04 08:11:45
560.15,0,Memphis,2,50.0,1,92.0,1.0,817.83,2024-11-04 08:10:51
351.99,1,Chicago,0,80.0,2,45.0,2.0,3663.64,2024-11-04 08:11:23
132.36,1,Colorado Springs,1,28.0,3,160.0,1.0,319.65,2024-11-04 08:10:05
24.77,0,Nashville,2,40.0,1,17.0,1.0,478.23,2024-11-04 08:07:20
668.67,1,Detroit,2,44.0,0,143.0,4.0,13446.81,2024-11-04 08:06:29
80.24,0,New York,1,53.0,0,58.0,1.0,8012.81,2024-11-04 08:12:13
8.65,1,Mesa,0,68.0,2,198.0,1.0,4201.22,2024-11-04 08:11:35
178.91,1,Omaha,0,18.0,3,19.0,1.0,8870.89,2024-11-04 08:07:06
115.22,1,San Francisco,1,27.0,1,108.0,1.0,906.2,2024-11-04 08:09:07
161.63,1,San Jose,2,46.0,0,276.0,1.0,9286.37,2024-11-04 08:08:21
542.75,0,Nashville,1,70.0,2,63.0,1.0,2224.08,2024-11-04 08:08:27
317.47,0,Sacramento,2,67.0,0,16.0,1.0,14639.28,2024-11-04 08:07:58
280.99,1,Houston,1,45.0,1,29.0,1.0,9733.59,2024-11-04 08:07:24
24.19,1,San Diego,0,29.0,1,28.0,1.0,2756.2,2024-11-04 08:07:26
372.41,1,San Diego,0,55.0,2,143.0,1.0,3233.87,2024-11-04 08:06:34
247.17,0,Chicago,1,65.0,2,149.0,1.0,2611.64,2024-11-04 08:07:43
48.78,0,Kansas City,1,18.0,3,136.0,1.0,552.06,2024-11-04 08:10:11
4.15,0,Omaha,1,60.0,2,119.0,1.0,6017.36,2024-11-04 08:09:48
60.99,1,Oklahoma City,1,34.0,1,58.0,1.0,7281.46,2024-11-04 08:07:51
408.19,1,Mesa,1,26.0,1,241.0,1.0,6847.47,2024-11-04 08:08:29
524.6,1,El Paso,1,58.0,0,76.0,1.0,13017.7,2024-11-04 08:09:46
108.96,1,Milwaukee,0,26.0,3,247.0,1.0,7597.66,2024-11-04 08:06:40
70.03,1,Nashville,1,63.0,2,49.0,1.0,7330.31,2024-11-04 08:07:55
324.04,1,Virginia Beach,0,54.0,2,30.0,1.0,2248.06,2024-11-04 08:08:07
39.69,1,Austin,2,70.0,2,163.0,1.0,3524.68,2024-11-04 08:07:44
81.27,0,Seattle,2,22.0,3,68.0,1.0,1814.48,2024-11-04 08:10:47
193.82,1,Kansas City,1,37.0,1,176.0,1.0,3886.77,2024-11-04 08:12:09
474.05,1,San Jose,0,57.0,2,214.0,1.0,1484.31,2024-11-04 08:10:46
39.21,1,Miami,0,66.0,0,245.0,4.0,9385.57,2024-11-04 08:11:52
637.75,1,Dallas,1,79.0,2,152.0,1.0,4202.92,2024-11-04 08:08:51
153.59,0,Portland,1,66.0,2,174.0,1.0,4813.12,2024-11-04 08:09:43
186.6,1,Tucson,1,18.0,3,139.0,1.0,9716.68,2024-11-04 08:10:37
644.08,1,Atlanta,2,24.0,3,55.0,1.0,1980.62,2024-11-04 08:07:18
305.0,1,Phoenix,0,22.0,3,222.0,1.0,944.83,2024-11-04 08:06:50
233.1,0,Nashville,1,42.0,0,37.0,1.0,7469.2,2024-11-04 08:11:39
793.13,1,Memphis,2,68.0,0,76.0,1.0,13389.16,2024-11-04 08:09:45
224.19,1,Houston,0,52.0,0,93.0,1.0,8475.47,2024-11-04 08:07:34
214.83,0,Tucson,0,23.0,3,63.0,1.0,991.69,2024-11-04 08:11:45
163.46,0,Baltimore,1,63.0,2,111.0,1.0,6953.8,2024-11-04 08:11:32
194.99,1,Jacksonville,1,34.0,1,91.0,1.0,1370.03,2024-11-04 08:07:50
23.4,1,El Paso,0,46.0,0,175.0,4.0,14851.28,2024-11-04 08:07:14
227.5,1,Sacramento,2,34.0,0,277.0,1.0,11505.35,2024-11-04 08:11:35
259.9,1,Oklahoma City,2,26.0,3,100.0,1.0,914.28,2024-11-04 08:07:29
59.51,0,Dallas,2,36.0,0,55.0,1.0,9955.88,2024-11-04 08:12:18
1074.95,1,Jacksonville,1,20.0,3,91.0,1.0,530.86,2024-11-04 08:09:58
112.94,0,San Antonio,2,73.0,2,31.0,1.0,3807.84,2024-11-04 08:07:19
11.81,1,Phoenix,0,21.0,3,131.0,1.0,320.25,2024-11-04 08:07:53
329.14,1,Sacramento,1,55.0,0,14.0,1.0,12033.92,2024-11-04 08:09:00
154.24,1,Mesa,0,61.0,2,82.0,1.0,6109.55,2024-11-04 08:08:33
233.44,1,Chicago,2,20.0,3,297.0,1.0,1691.88,2024-11-04 08:07:54
1137.63,1,Baltimore,0,26.0,3,144.0,1.0,1629.12,2024-11-04 08:08:03
98.71,1,Fort Worth,0,32.0,0,117.0,1.0,10095.23,2024-11-04 08:07:42
87.38,1,Atlanta,1,21.0,3,252.0,1.0,1504.99,2024-11-04 08:09:45
83.39,1,Omaha,1,32.0,0,158.0,1.0,13182.11,2024-11-04 08:12:20
267.55,1,Charlotte,2,46.0,1,40.0,1.0,4330.04,2024-11-04 08:12:03
870.05,1,El Paso,0,29.0,0,39.0,1.0,905.25,2024-11-04 08:11:02
164.51,1,Louisville,1,78.0,2,110.0,1.0,3553.69,2024-11-04 08:07:10
758.12,1,San Francisco,0,69.0,2,90.0,1.0,6164.65,2024-11-04 08:11:14
103.76,1,Kansas City,2,28.0,1,188.0,1.0,9626.14,2024-11-04 08:11:31
583.92,1,Kansas City,2,55.0,1,139.0,1.0,6364.14,2024-11-04 08:06:32
204.06,1,Washington,2,77.0,2,159.0,1.0,4351.83,2024-11-04 08:07:22
53.51,1,New York,2,56.0,2,165.0,1.0,5773.5,2024-11-04 08:11:18
1108.46,1,Los Angeles,1,30.0,1,262.0,1.0,9257.04,2024-11-04 08:06:36
120.17,1,Portland,0,49.0,0,105.0,1.0,5403.79,2024-11-04 08:11:50
220.8,1,Indianapolis,2,31.0,1,28.0,1.0,8135.31,2024-11-04 08:10:00
119.01,1,Philadelphia,0,45.0,0,87.0,1.0,9798.26,2024-11-04 08:09:17
183.32,1,Raleigh,0,21.0,3,74.0,1.0,137.42,2024-11-04 08:09:31
858.88,1,Jacksonville,2,60.0,1,227.0,1.0,7015.46,2024-11-04 08:12:11
11.46,0,San Francisco,2,41.0,1,128.0,1.0,2356.71,2024-11-04 08:09:16
61.37,1,Columbus,1,75.0,2,164.0,1.0,4294.44,2024-11-04 08:10:55
103.08,0,Milwaukee,1,49.0,1,150.0,1.0,9251.38,2024-11-04 08:06:42
425.18,0,Colorado Springs,2,26.0,1,172.0,1.0,9880.71,2024-11-04 08:08:39
60.96,1,Colorado Springs,0,52.0,2,238.0,1.0,6189.24,2024-11-04 08:09:58
64.21,1,Omaha,0,51.0,0,37.0,1.0,12540.18,2024-11-04 08:09:24
523.02,1,Jacksonville,2,53.0,2,83.0,1.0,4586.11,2024-11-04 08:06:38
50.26,1,Las Vegas,1,65.0,2,164.0,1.0,1519.38,2024-11-04 08:10:47
110.08,1,Detroit,1,19.0,3,95.0,1.0,1447.26,2024-11-04 08:08:19
54.47,0,Philadelphia,1,23.0,3,34.0,1.0,1131.42,2024-11-04 08:11:15
79.76,1,Kansas City,2,68.0,0,115.0,1.0,10278.75,2024-11-04 08:08:14
16.79,0,Detroit,2,30.0,0,146.0,1.0,535.15,2024-11-04 08:11:01
1531.31,1,San Diego,2,18.0,3,62.0,4.0,859.86,2024-11-04 08:06:40
68.62,1,Omaha,1,29.0,0,157.0,1.0,13891.47,2024-11-04 08:10:59
643.38,0,Detroit,2,18.0,3,105.0,1.0,1046.74,2024-11-04 08:12:01
328.34,0,San Diego,2,42.0,1,31.0,1.0,2840.45,2024-11-04 08:09:00
72.68,1,Seattle,2,69.0,2,44.0,1.0,6216.77,2024-11-04 08:10:20
354.76,1,Detroit,1,51.0,0,279.0,1.0,10141.92,2024-11-04 08:07:39
793.88,0,Los Angeles,0,22.0,3,252.0,1.0,1404.06,2024-11-04 08:07:13
29.22,1,Detroit,0,27.0,1,69.0,1.0,7795.79,2024-11-04 08:10:28
366.43,0,Portland,2,21.0,3,92.0,1.0,1560.45,2024-11-04 08:09:38
120.86,1,Colorado Springs,2,33.0,0,162.0,4.0,13566.58,2024-11-04 08:11:48
233.74,1,Boston,2,72.0,2,142.0,1.0,4749.54,2024-11-04 08:06:27
471.84,1,Raleigh,0,18.0,3,138.0,1.0,1044.33,2024-11-04 08:08:45
213.4,0,Fort Worth,1,73.0,2,100.0,1.0,2012.24,2024-11-04 08:09:27
254.21,1,Phoenix,0,48.0,1,46.0,1.0,2487.2,2024-11-04 08:10:50
577.73,1,San Jose,0,37.0,0,63.0,1.0,14977.99,2024-11-04 08:06:37
170.26,1,Chicago,0,27.0,3,265.0,1.0,1969.48,2024-11-04 08:07:32
337.73,1,San Antonio,2,78.0,2,107.0,4.0,7001.2,2024-11-04 08:07:28
330.61,0,Nashville,1,64.0,2,113.0,1.0,2525.25,2024-11-04 08:10:34
132.33,0,Phoenix,0,35.0,1,47.0,1.0,7457.94,2024-11-04 08:08:40
74.04,1,Memphis,2,18.0,3,66.0,1.0,1690.23,2024-11-04 08:11:29
197.18,1,Tucson,2,28.0,1,135.0,1.0,3114.92,2024-11-04 08:10:02
590.01,1,San Jose,2,29.0,0,140.0,3.0,9791.74,2024-11-04 08:07:46
697.82,1,New York,2,44.0,1,153.0,1.0,6824.0,2024-11-04 08:07:11
302.76,1,Sacramento,0,38.0,1,88.0,3.0,8583.39,2024-11-04 08:11:08
148.0,1,Tucson,1,20.0,3,35.0,1.0,1488.65,2024-11-04 08:06:39
22.26,1,San Antonio,1,19.0,3,56.0,1.0,5583.88,2024-11-04 08:08:53
0.86,1,Colorado Springs,0,25.0,3,139.0,1.0,1357.22,2024-11-04 08:12:22
757.1,1,Atlanta,1,65.0,0,203.0,1.0,10553.23,2024-11-04 08:11:06
38.81,0,Virginia Beach,2,25.0,3,145.0,1.0,1619.6,2024-11-04 08:12:12
76.51,0,Mesa,2,49.0,1,120.0,4.0,9475.4,2024-11-04 08:07:51
32.46,1,Charlotte,2,31.0,0,10.0,1.0,8656.18,2024-11-04 08:09:33
1022.75,0,San Jose,1,62.0,0,158.0,1.0,207.74,2024-11-04 08:10:47
20.64,1,Charlotte,1,22.0,3,59.0,1.0,949.38,2024-11-04 08:09:17
662.11,1,Atlanta,1,23.0,3,219.0,1.0,1996.38,2024-11-04 08:07:34
35.05,1,Boston,1,30.0,0,105.0,1.0,14330.47,2024-11-04 08:07:17
214.73,0,Los Angeles,0,46.0,0,26.0,1.0,5368.42,2024-11-04 08:07:39
25.38,1,Louisville,1,57.0,1,66.0,1.0,8616.05,2024-11-04 08:11:41
617.66,1,Memphis,0,41.0,1,40.0,1.0,5906.58,2024-11-04 08:10:17
446.39,1,Houston,0,63.0,2,77.0,1.0,7863.6,2024-11-04 08:07:42
377.92,1,Raleigh,1,33.0,1,204.0,1.0,2254.71,2024-11-04 08:06:53
11.04,1,Phoenix,2,30.0,1,43.0,1.0,6983.04,2024-11-04 08:10:40
275.46,1,Fort Worth,0,36.0,0,67.0,1.0,9697.75,2024-11-04 08:12:13
179.76,1,Philadelphia,2,78.0,2,81.0,1.0,5909.52,2024-11-04 08:09:23
32.34,1,Kansas City,1,44.0,0,45.0,1.0,7847.62,2024-11-04 08:09:28
273.92,1,Portland,1,79.0,2,109.0,1.0,4543.56,2024-11-04 08:11:48
388.98,1,Fresno,0,23.0,3,155.0,1.0,1819.91,2024-11-04 08:08:32
492.84,1,Indianapolis,0,25.0,3,38.0,1.0,577.67,2024-11-04 08:09:23
148.85,1,Mesa,0,57.0,0,25.0,1.0,7802.36,2024-11-04 08:08:44
185.99,0,Fresno,1,41.0,1,53.0,1.0,402.45,2024-11-04 08:09:44
322.48,1,Jacksonville,0,27.0,3,57.0,1.0,1238.43,2024-11-04 08:11:25
20.27,1,Miami,1,18.0,3,22.0,1.0,796.35,2024-11-04 08:09:38
280.61,1,Mesa,0,47.0,1,129.0,3.0,7888.76,2024-11-04 08:10:47
104.23,0,Louisville,2,63.0,2,108.0,1.0,5009.29,2024-11-04 08:09:45
353.59,0,New York,1,52.0,2,109.0,5.0,1822.34,2024-11-04 08:10:53
55.86,1,Seattle,2,39.0,1,68.0,1.0,5346.46,2024-11-04 08:06:59
95.55,1,Louisville,1,33.0,1,51.0,1.0,2434.74,2024-11-04 08:10:13
477.07,1,Columbus,2,27.0,1,278.0,1.0,6568.07,2024-11-04 08:07:34
21.41,1,Louisville,2,57.0,0,99.0,1.0,658.91,2024-11-04 08:08:40
278.28,1,Jacksonville,1,28.0,3,26.0,1.0,1346.88,2024-11-04 08:07:37
215.39,1,Detroit,0,27.0,3,216.0,1.0,1582.55,2024-11-04 08:11:13
194.37,1,Milwaukee,0,66.0,0,161.0,1.0,14395.88,2024-11-04 08:09:28
19.59,1,Charlotte,1,64.0,2,122.0,1.0,1061.69,2024-11-04 08:10:31
81.35,1,Houston,2,41.0,1,103.0,1.0,7192.45,2024-11-04 08:07:04
314.54,0,Virginia Beach,1,58.0,1,228.0,1.0,9923.45,2024-11-04 08:11:02
466.64,1,Las Vegas,0,58.0,0,11.0,1.0,10915.11,2024-11-04 08:09:20
472.48,1,New York,1,55.0,1,87.0,1.0,7128.82,2024-11-04 08:09:59
67.15,1,Indianapolis,2,59.0,0,14.0,1.0,9028.49,2024-11-04 08:10:53
102.67,1,Albuquerque,1,79.0,2,119.0,1.0,4656.94,2024-11-04 08:06:32
460.09,0,Fresno,2,35.0,0,146.0,3.0,6990.64,2024-11-04 08:08:33
453.49,1,Seattle,1,66.0,0,147.0,1.0,6366.43,2024-11-04 08:08:56
267.17,1,Seattle,0,26.0,3,170.0,1.0,1382.62,2024-11-04 08:07:54
111.26,1,Boston,0,66.0,0,43.0,1.0,14350.11,2024-11-04 08:07:47
121.17,1,Phoenix,0,68.0,0,158.0,1.0,12990.77,2024-11-04 08:10:12
213.28,1,Mesa,1,51.0,2,94.0,1.0,4835.91,2024-11-04 08:11:27
187.88,1,Nashville,0,60.0,1,180.0,1.0,2154.58,2024-11-04 08:10:56
471.88,0,San Jose,2,34.0,0,141.0,1.0,14833.34,2024-11-04 08:07:00
83.79,1,Nashville,0,57.0,1,47.0,1.0,5061.3,2024-11-04 08:09:05
99.16,1,San Francisco,2,79.0,2,202.0,1.0,2607.58,2024-11-04 08:10:27
839.33,0,Louisville,1,60.0,0,86.0,1.0,11538.97,2024-11-04 08:09:21
29.91,0,Philadelphia,2,76.0,2,43.0,3.0,2834.84,2024-11-04 08:08:39
4.24,1,San Diego,2,38.0,1,38.0,1.0,7822.73,2024-11-04 08:07:54
50.29,0,Raleigh,2,58.0,0,64.0,1.0,7604.9,2024-11-04 08:07:16
135.85,1,Fresno,2,57.0,2,269.0,1.0,1480.39,2024-11-04 08:08:16
368.53,1,Raleigh,1,68.0,0,34.0,1.0,13696.31,2024-11-04 08:06:56
17.95,0,Sacramento,1,64.0,0,135.0,1.0,12344.9,2024-11-04 08:09:36
127.8,0,Virginia Beach,1,31.0,1,47.0,1.0,8630.99,2024-11-04 08:07:02
16.73,1,Houston,2,45.0,1,48.0,1.0,2202.62,2024-11-04 08:09:36
317.12,1,Fort Worth,1,44.0,0,80.0,1.0,14409.74,2024-11-04 08:08:08
476.63,1,Charlotte,0,79.0,2,115.0,1.0,4894.25,2024-11-04 08:09:09
156.58,1,Portland,1,24.0,3,160.0,1.0,8981.61,2024-11-04 08:09:39
55.12,0,Houston,2,34.0,1,261.0,1.0,3791.99,2024-11-04 08:11:19
15.74,1,Denver,1,27.0,3,38.0,1.0,690.16,2024-11-04 08:10:02
297.15,1,Phoenix,2,76.0,2,178.0,1.0,5449.37,2024-11-04 08:10:07
647.85,1,Omaha,1,36.0,0,121.0,1.0,13779.97,2024-11-04 08:09:34
75.04,1,El Paso,0,49.0,1,178.0,1.0,9648.6,2024-11-04 08:07:28
273.92,1,Virginia Beach,2,28.0,3,35.0,1.0,1029.15,2024-11-04 08:09:46
215.8,0,Jacksonville,1,51.0,2,66.0,1.0,3656.62,2024-11-04 08:08:31
963.77,1,Louisville,0,41.0,1,248.0,1.0,6710.51,2024-11-04 08:10:12
420.6,1,Louisville,1,26.0,3,55.0,1.0,1778.75,2024-11-04 08:09:30
688.36,0,Memphis,1,23.0,3,22.0,1.0,5191.13,2024-11-04 08:11:05
285.18,0,Sacramento,1,55.0,0,150.0,1.0,14847.97,2024-11-04 08:09:38
213.55,1,Boston,0,63.0,0,15.0,1.0,5238.37,2024-11-04 08:07:06
463.11,0,Las Vegas,1,51.0,0,159.0,1.0,10238.82,2024-11-04 08:07:18
309.56,1,Charlotte,2,58.0,0,147.0,1.0,972.04,2024-11-04 08:09:17
377.08,0,Mesa,1,26.0,3,71.0,1.0,6430.86,2024-11-04 08:10:33
77.25,1,Virginia Beach,1,68.0,0,157.0,1.0,14077.97,2024-11-04 08:07:50
146.92,1,Portland,0,64.0,2,272.0,1.0,3990.6,2024-11-04 08:07:41
126.6,1,San Antonio,1,22.0,3,146.0,1.0,961.65,2024-11-04 08:08:35
101.34,1,Boston,0,24.0,3,46.0,1.0,703.26,2024-11-04 08:10:15
184.97,1,Denver,1,58.0,0,268.0,1.0,1156.67,2024-11-04 08:11:06
451.15,1,Colorado Springs,0,46.0,1,175.0,1.0,1356.47,2024-11-04 08:10:45
516.47,0,Charlotte,0,25.0,3,94.0,1.0,1305.06,2024-11-04 08:09:51
880.04,1,Sacramento,0,25.0,3,29.0,1.0,261.97,2024-11-04 08:07:37
66.69,0,San Antonio,1,25.0,3,140.0,1.0,1210.33,2024-11-04 08:07:16
95.75,1,Los Angeles,1,31.0,1,169.0,1.0,337.62,2024-11-04 08:07:32
98.03,1,El Paso,1,54.0,1,165.0,1.0,6323.45,2024-11-04 08:08:36
617.66,1,Boston,0,42.0,1,128.0,1.0,7155.95,2024-11-04 08:08:03
888.57,1,San Antonio,2,62.0,2,102.0,1.0,7896.14,2024-11-04 08:10:57
107.48,1,Omaha,1,22.0,3,129.0,1.0,591.23,2024-11-04 08:08:11
36.57,1,Omaha,0,62.0,2,69.0,1.0,2583.07,2024-11-04 08:07:02
575.62,1,Oklahoma City,2,43.0,0,129.0,1.0,234.41,2024-11-04 08:11:33
84.89,1,San Jose,0,37.0,1,70.0,1.0,4735.61,2024-11-04 08:12:16
7.76,0,Las Vegas,2,52.0,2,84.0,1.0,7393.11,2024-11-04 08:12:15
109.3,1,Fort Worth,1,56.0,0,27.0,1.0,13510.11,2024-11-04 08:06:29
230.08,1,Austin,2,79.0,2,124.0,1.0,4466.1,2024-11-04 08:11:47
361.92,1,Detroit,0,54.0,2,111.0,1.0,7474.31,2024-11-04 08:10:23
71.29,1,Chicago,0,68.0,2,55.0,2.0,7225.63,2024-11-04 08:07:50
122.45,1,New York,1,46.0,0,98.0,1.0,7255.49,2024-11-04 08:07:54
642.53,1,Mesa,0,65.0,0,128.0,1.0,11417.91,2024-11-04 08:12:10
175.21,0,Mesa,0,69.0,0,69.0,1.0,6039.04,2024-11-04 08:08:37
168.0,0,Tucson,1,32.0,1,11.0,1.0,3498.58,2024-11-04 08:12:20
11.46,1,Chicago,2,67.0,2,73.0,1.0,6628.75,2024-11-04 08:07:19
382.07,0,Omaha,1,62.0,0,147.0,1.0,10156.09,2024-11-04 08:08:17
13.48,1,Las Vegas,2,18.0,3,20.0,3.0,521.88,2024-11-04 08:10:20
65.32,1,Mesa,0,28.0,3,54.0,1.0,9165.02,2024-11-04 08:11:09
83.07,1,Miami,1,27.0,1,291.0,4.0,6704.76,2024-11-04 08:10:42
730.1,0,Chicago,1,77.0,2,93.0,1.0,6384.05,2024-11-04 08:06:48
85.31,1,Kansas City,0,62.0,2,27.0,1.0,6095.65,2024-11-04 08:08:13
726.61,1,Phoenix,0,18.0,3,277.0,1.0,1008.76,2024-11-04 08:10:14
130.4,1,Raleigh,1,45.0,1,63.0,1.0,4381.24,2024-11-04 08:09:41
68.1,1,Milwaukee,0,20.0,3,47.0,1.0,1382.8,2024-11-04 08:10:15
65.26,1,Sacramento,1,26.0,3,72.0,1.0,7380.63,2024-11-04 08:10:54
191.62,1,Jacksonville,1,63.0,0,51.0,1.0,1981.67,2024-11-04 08:07:04
212.88,1,Fresno,2,39.0,0,122.0,1.0,7036.72,2024-11-04 08:11:36
88.38,1,Virginia Beach,0,30.0,1,138.0,1.0,3707.82,2024-11-04 08:08:14
390.09,1,El Paso,2,26.0,1,49.0,1.0,2617.23,2024-11-04 08:10:14
48.29,1,San Diego,2,37.0,1,242.0,1.0,8883.4,2024-11-04 08:07:56
333.83,1,Fresno,0,63.0,2,135.0,1.0,1660.66,2024-11-04 08:11:07
1074.29,1,Portland,1,67.0,2,79.0,1.0,2011.6,2024-11-04 08:11:13
100.27,1,Miami,2,79.0,2,51.0,1.0,4309.9,2024-11-04 08:10:38
44.54,1,San Antonio,0,31.0,1,164.0,1.0,362.4,2024-11-04 08:07:59
82.17,1,Fort Worth,1,28.0,3,21.0,1.0,1913.06,2024-11-04 08:09:37
1045.45,1,Baltimore,2,19.0,3,150.0,1.0,563.46,2024-11-04 08:11:59
447.42,1,Charlotte,2,32.0,1,65.0,1.0,6133.22,2024-11-04 08:08:15
590.26,0,Austin,1,25.0,3,48.0,1.0,1068.28,2024-11-04 08:08:42
192.73,1,Milwaukee,1,71.0,2,157.0,1.0,2037.75,2024-11-04 08:11:39
136.05,1,Atlanta,2,24.0,3,63.0,3.0,1127.54,2024-11-04 08:12:00
11.57,0,New York,1,56.0,2,64.0,1.0,2061.61,2024-11-04 08:10:56
7.82,1,Boston,0,36.0,1,273.0,1.0,2240.49,2024-11-04 08:09:35
79.43,1,Dallas,0,74.0,2,72.0,1.0,6579.37,2024-11-04 08:07:37
386.97,1,Raleigh,1,58.0,2,137.0,1.0,1876.35,2024-11-04 08:06:24
51.22,1,Fresno,1,23.0,3,82.0,1.0,1664.59,2024-11-04 08:10:07
256.05,1,Nashville,0,54.0,2,35.0,1.0,6910.18,2024-11-04 08:11:46
7.79,1,Los Angeles,1,34.0,0,298.0,1.0,1319.85,2024-11-04 08:09:15
233.71,1,Louisville,1,63.0,0,11.0,1.0,6095.5,2024-11-04 08:08:48
176.37,1,Boston,1,55.0,2,126.0,1.0,2420.86,2024-11-04 08:07:09
86.41,1,Fresno,0,75.0,2,125.0,1.0,3128.71,2024-11-04 08:11:25
21.57,1,San Francisco,0,54.0,2,71.0,1.0,7587.48,2024-11-04 08:09:29
82.67,1,Milwaukee,1,26.0,3,46.0,1.0,290.59,2024-11-04 08:07:11
543.47,1,Los Angeles,0,18.0,3,122.0,1.0,6165.03,2024-11-04 08:11:42
346.76,0,San Jose,1,21.0,3,116.0,1.0,1637.75,2024-11-04 08:09:55
47.48,1,El Paso,1,24.0,3,66.0,1.0,585.52,2024-11-04 08:08:50
64.92,1,Atlanta,1,58.0,1,236.0,1.0,5481.76,2024-11-04 08:11:10
350.72,0,Fresno,0,28.0,3,48.0,1.0,1982.9,2024-11-04 08:07:16
3.8,1,Charlotte,2,65.0,0,174.0,1.0,5766.96,2024-11-04 08:12:18
22.54,1,El Paso,2,26.0,1,42.0,1.0,7139.11,2024-11-04 08:10:34
167.47,1,Sacramento,0,35.0,1,103.0,1.0,2293.13,2024-11-04 08:12:04
43.65,0,Charlotte,1,30.0,1,212.0,1.0,2870.67,2024-11-04 08:11:55
390.77,1,Portland,2,44.0,0,34.0,1.0,5500.56,2024-11-04 08:09:06
508.16,1,Mesa,0,39.0,1,131.0,1.0,5609.44,2024-11-04 08:09:54
332.33,1,Kansas City,0,27.0,3,101.0,1.0,192.63,2024-11-04 08:11:27
362.09,1,New York,1,32.0,1,31.0,1.0,6590.28,2024-11-04 08:07:38
42.58,1,San Jose,2,30.0,0,80.0,1.0,13485.0,2024-11-04 08:10:23
248.66,1,Chicago,2,28.0,1,113.0,1.0,2571.39,2024-11-04 08:11:30
461.25,0,Sacramento,2,54.0,0,171.0,1.0,676.1,2024-11-04 08:09:11
61.77,1,Charlotte,1,56.0,0,49.0,1.0,12352.2,2024-11-04 08:11:35
268.92,1,Chicago,1,29.0,1,148.0,1.0,8765.38,2024-11-04 08:06:36
219.02,0,San Diego,2,54.0,1,68.0,1.0,7375.73,2024-11-04 08:09:13
125.14,1,Baltimore,1,20.0,3,31.0,1.0,1845.18,2024-11-04 08:10:42
47.6,1,Austin,2,53.0,1,115.0,1.0,1382.51,2024-11-04 08:08:20
592.82,1,Memphis,2,74.0,2,248.0,1.0,7508.98,2024-11-04 08:12:14
372.5,1,Nashville,0,22.0,3,211.0,1.0,3901.82,2024-11-04 08:10:26
4.72,1,Fort Worth,1,32.0,1,20.0,1.0,4792.01,2024-11-04 08:09:28
144.93,1,Fresno,1,42.0,1,74.0,1.0,6887.52,2024-11-04 08:09:18
316.56,1,Denver,2,28.0,1,261.0,1.0,8643.51,2024-11-04 08:09:57
421.25,1,Fort Worth,2,25.0,3,66.0,1.0,7174.69,2024-11-04 08:07:46
185.71,1,Virginia Beach,1,48.0,1,194.0,1.0,2679.91,2024-11-04 08:09:41
1432.02,1,Louisville,1,60.0,2,138.0,1.0,4315.07,2024-11-04 08:09:36
26.27,0,Portland,2,45.0,1,177.0,1.0,8853.93,2024-11-04 08:10:21
297.03,1,Austin,2,61.0,2,151.0,1.0,1088.62,2024-11-04 08:10:10
341.67,1,Omaha,1,53.0,2,96.0,5.0,1442.29,2024-11-04 08:09:03
99.52,1,San Diego,0,52.0,1,127.0,1.0,3798.09,2024-11-04 08:11:40
139.69,1,Indianapolis,2,52.0,1,180.0,1.0,9567.94,2024-11-04 08:07:56
112.72,1,Washington,1,31.0,0,17.0,1.0,9630.0,2024-11-04 08:12:19
568.88,1,Nashville,1,19.0,3,105.0,1.0,1307.86,2024-11-04 08:08:34
189.03,1,Oklahoma City,0,28.0,3,50.0,1.0,1916.46,2024-11-04 08:09:07
189.08,1,Miami,1,68.0,0,238.0,1.0,10790.8,2024-11-04 08:08:48
958.9,1,Memphis,1,31.0,1,135.0,1.0,9977.49,2024-11-04 08:06:56
283.15,1,Baltimore,2,24.0,3,180.0,1.0,603.79,2024-11-04 08:11:16
151.82,1,Chicago,0,51.0,2,105.0,1.0,2197.12,2024-11-04 08:11:54
438.59,1,San Jose,2,37.0,1,103.0,1.0,8994.39,2024-11-04 08:09:32
501.15,1,Phoenix,1,47.0,1,208.0,1.0,8821.84,2024-11-04 08:11:33
917.81,1,Kansas City,0,64.0,2,75.0,2.0,3173.17,2024-11-04 08:09:46
8.95,1,Oklahoma City,2,76.0,2,102.0,1.0,3299.84,2024-11-04 08:09:45
173.6,1,Austin,2,21.0,3,160.0,1.0,421.44,2024-11-04 08:09:35
149.4,1,Chicago,0,53.0,2,123.0,1.0,1035.22,2024-11-04 08:10:16
388.21,0,Columbus,1,53.0,0,237.0,1.0,9724.49,2024-11-04 08:08:17
484.3,0,Boston,2,61.0,2,230.0,3.0,7910.3,2024-11-04 08:11:08
126.04,0,Charlotte,1,65.0,2,167.0,1.0,6041.69,2024-11-04 08:08:06
52.04,0,Colorado Springs,1,50.0,0,31.0,1.0,8436.12,2024-11-04 08:07:38
389.7,0,Austin,1,62.0,0,216.0,1.0,7125.15,2024-11-04 08:10:42
309.77,0,San Antonio,2,67.0,2,137.0,1.0,4378.14,2024-11-04 08:06:24
202.55,1,Dallas,0,21.0,3,34.0,2.0,701.73,2024-11-04 08:09:12
724.18,1,Fort Worth,1,41.0,0,134.0,1.0,10922.78,2024-11-04 08:08:21
124.98,1,Washington,0,24.0,3,78.0,1.0,642.0,2024-11-04 08:08:27
487.32,1,Kansas City,1,52.0,0,164.0,1.0,7707.96,2024-11-04 08:09:23
635.91,0,Jacksonville,1,46.0,0,78.0,1.0,13267.09,2024-11-04 08:10:43
205.65,1,Houston,1,62.0,2,144.0,1.0,3582.16,2024-11-04 08:09:27
39.41,1,Louisville,1,25.0,3,132.0,1.0,921.91,2024-11-04 08:11:02
254.0,1,Nashville,1,35.0,0,63.0,1.0,5788.53,2024-11-04 08:08:07
436.8,1,Houston,1,36.0,1,213.0,1.0,4515.43,2024-11-04 08:06:59
224.73,1,Miami,1,76.0,2,63.0,1.0,7551.89,2024-11-04 08:08:39
752.69,0,Dallas,0,65.0,0,115.0,1.0,14489.69,2024-11-04 08:09:14
78.5,0,San Jose,1,31.0,0,41.0,1.0,13991.5,2024-11-04 08:11:54
50.0,0,Jacksonville,0,53.0,0,87.0,1.0,185.87,2024-11-04 08:11:22
132.42,1,Denver,0,18.0,3,164.0,1.0,726.39,2024-11-04 08:11:58
83.16,1,Los Angeles,0,61.0,2,177.0,1.0,3065.87,2024-11-04 08:08:46
149.02,0,Fort Worth,1,46.0,1,176.0,1.0,9379.72,2024-11-04 08:06:40
74.27,0,Memphis,2,59.0,0,148.0,1.0,13696.61,2024-11-04 08:11:20
876.57,0,Portland,0,62.0,2,118.0,1.0,3743.63,2024-11-04 08:06:54
615.58,1,Jacksonville,0,42.0,0,133.0,1.0,14343.0,2024-11-04 08:10:55
643.03,0,Jacksonville,2,36.0,1,52.0,1.0,2882.16,2024-11-04 08:08:22
7.95,1,Phoenix,0,79.0,2,65.0,1.0,5631.2,2024-11-04 08:10:06
270.92,0,Louisville,1,77.0,2,143.0,1.0,4574.43,2024-11-04 08:06:51
499.48,1,Charlotte,0,24.0,3,133.0,1.0,1242.62,2024-11-04 08:08:44
841.5,0,Atlanta,1,25.0,3,287.0,1.0,352.31,2024-11-04 08:09:07
138.82,1,Fort Worth,2,77.0,2,53.0,1.0,3100.22,2024-11-04 08:11:48
231.46,0,Miami,1,60.0,1,83.0,1.0,4707.24,2024-11-04 08:08:31
292.08,1,Columbus,0,72.0,2,32.0,1.0,7950.48,2024-11-04 08:09:34
63.98,1,Baltimore,2,54.0,0,258.0,1.0,7954.12,2024-11-04 08:06:53
235.21,1,Boston,1,67.0,0,74.0,1.0,5946.61,2024-11-04 08:10:59
201.73,1,Baltimore,2,57.0,1,78.0,1.0,6650.71,2024-11-04 08:12:07
161.31,1,Nashville,0,28.0,3,13.0,1.0,1268.67,2024-11-04 08:08:54
18.41,1,Atlanta,1,53.0,0,168.0,1.0,8287.54,2024-11-04 08:11:30
471.75,0,San Jose,1,34.0,0,41.0,1.0,12948.5,2024-11-04 08:10:54
290.02,1,Milwaukee,1,55.0,1,246.0,1.0,4746.71,2024-11-04 08:07:56
48.05,1,New York,1,27.0,1,38.0,1.0,5334.97,2024-11-04 08:09:07
359.42,1,Baltimore,1,55.0,0,30.0,1.0,1765.45,2024-11-04 08:06:42
32.91,1,Fort Worth,2,19.0,3,255.0,1.0,427.3,2024-11-04 08:06:44
31.81,1,Fort Worth,2,51.0,2,149.0,1.0,1406.6,2024-11-04 08:06:48
220.2,1,Boston,2,28.0,3,102.0,1.0,1075.15,2024-11-04 08:11:18
476.03,0,Houston,1,77.0,2,99.0,1.0,5958.34,2024-11-04 08:09:08
141.91,1,Miami,1,23.0,3,49.0,1.0,791.97,2024-11-04 08:09:42
95.83,1,Washington,2,27.0,3,91.0,1.0,1726.4,2024-11-04 08:08:23
51.15,0,Los Angeles,1,46.0,1,199.0,1.0,8992.25,2024-11-04 08:10:54
50.75,1,Boston,0,62.0,0,185.0,1.0,8271.47,2024-11-04 08:07:41
185.07,1,Colorado Springs,1,22.0,3,159.0,1.0,636.42,2024-11-04 08:07:39
293.54,1,Sacramento,2,40.0,1,45.0,1.0,2290.1,2024-11-04 08:08:24
285.26,1,Atlanta,0,28.0,3,93.0,1.0,167.72,2024-11-04 08:11:15
743.03,1,New York,0,50.0,1,174.0,1.0,4111.38,2024-11-04 08:09:19
297.86,0,Milwaukee,0,28.0,3,96.0,1.0,1680.14,2024-11-04 08:11:40
231.92,1,Indianapolis,0,66.0,0,12.0,1.0,5715.08,2024-11-04 08:11:27
295.82,0,Chicago,1,47.0,1,46.0,1.0,5897.73,2024-11-04 08:07:47
81.08,1,Omaha,0,58.0,1,56.0,1.0,7788.91,2024-11-04 08:07:17
775.6,0,Mesa,1,79.0,2,158.0,1.0,3898.64,2024-11-04 08:08:12
211.91,1,Indianapolis,2,20.0,3,181.0,1.0,927.47,2024-11-04 08:08:46
17.21,1,Omaha,2,23.0,3,219.0,1.0,914.16,2024-11-04 08:06:59
38.37,1,San Antonio,0,63.0,0,135.0,1.0,8647.04,2024-11-04 08:10:04
269.79,1,San Jose,0,52.0,1,17.0,1.0,1292.1,2024-11-04 08:07:59
605.42,1,Mesa,0,21.0,3,33.0,1.0,392.34,2024-11-04 08:09:40
29.19,0,Nashville,1,58.0,0,41.0,1.0,12059.85,2024-11-04 08:11:34
701.7,0,Seattle,2,61.0,2,64.0,1.0,6643.24,2024-11-04 08:09:49
862.34,1,Kansas City,1,57.0,0,72.0,1.0,9903.48,2024-11-04 08:12:05
36.97,1,Virginia Beach,1,41.0,1,79.0,1.0,2850.92,2024-11-04 08:07:48
137.59,1,Nashville,0,30.0,0,95.0,1.0,10679.67,2024-11-04 08:11:30
168.11,0,New York,2,51.0,0,12.0,1.0,10652.13,2024-11-04 08:06:59
430.98,1,Baltimore,1,24.0,3,93.0,1.0,569.25,2024-11-04 08:11:00
13.87,1,Phoenix,1,24.0,3,20.0,1.0,954.83,2024-11-04 08:07:47
175.07,1,Las Vegas,2,28.0,1,169.0,2.0,9274.64,2024-11-04 08:12:07
302.82,1,Jacksonville,0,36.0,1,175.0,1.0,9384.54,2024-11-04 08:07:31
406.81,1,New York,2,66.0,2,84.0,1.0,1968.36,2024-11-04 08:08:46
256.3,1,New York,2,53.0,2,172.0,1.0,4203.05,2024-11-04 08:06:23
80.96,0,Jacksonville,2,19.0,3,97.0,1.0,959.94,2024-11-04 08:06:25
95.78,1,Atlanta,2,22.0,3,27.0,1.0,271.64,2024-11-04 08:09:16
379.54,0,Indianapolis,1,41.0,0,118.0,1.0,12571.76,2024-11-04 08:06:23
903.19,1,El Paso,2,22.0,3,65.0,1.0,8627.08,2024-11-04 08:06:37
142.19,1,Houston,1,18.0,3,27.0,4.0,524.46,2024-11-04 08:09:44
847.45,1,Jacksonville,1,28.0,3,175.0,1.0,422.32,2024-11-04 08:09:30
295.18,0,Dallas,1,66.0,0,31.0,1.0,12961.53,2024-11-04 08:07:53
18.46,1,Charlotte,1,68.0,2,213.0,1.0,6381.6,2024-11-04 08:10:17
603.23,1,Detroit,1,28.0,3,48.0,1.0,117.98,2024-11-04 08:08:18
54.5,0,Philadelphia,1,57.0,2,147.0,1.0,1715.22,2024-11-04 08:08:27
414.77,1,San Francisco,2,29.0,0,274.0,1.0,5599.81,2024-11-04 08:08:05
886.19,1,Colorado Springs,1,61.0,2,69.0,1.0,7904.24,2024-11-04 08:08:29
440.03,1,San Jose,2,49.0,1,88.0,1.0,1490.44,2024-11-04 08:10:19
76.39,1,Denver,1,18.0,3,219.0,1.0,5976.0,2024-11-04 08:10:09
595.91,0,San Antonio,0,19.0,3,162.0,1.0,1673.76,2024-11-04 08:10:21
6.03,1,Chicago,1,76.0,2,70.0,1.0,3290.72,2024-11-04 08:09:27
249.34,1,Charlotte,0,26.0,1,197.0,1.0,3030.97,2024-11-04 08:07:57
421.52,1,San Jose,1,20.0,3,67.0,1.0,369.86,2024-11-04 08:10:21
189.77,1,Raleigh,1,58.0,1,24.0,1.0,6570.36,2024-11-04 08:11:28
73.19,1,Atlanta,1,76.0,2,213.0,1.0,2264.98,2024-11-04 08:10:26
188.13,0,Jacksonville,2,75.0,2,198.0,1.0,5029.87,2024-11-04 08:10:08
30.52,1,Jacksonville,1,62.0,0,122.0,1.0,12327.74,2024-11-04 08:07:18
1235.69,0,San Jose,1,20.0,3,118.0,1.0,420.25,2024-11-04 08:09:22
1159.39,1,Oklahoma City,2,41.0,0,150.0,1.0,6499.53,2024-11-04 08:06:27
170.24,1,San Francisco,1,62.0,2,133.0,1.0,5172.99,2024-11-04 08:08:04
56.62,1,Austin,1,54.0,0,121.0,1.0,8981.1,2024-11-04 08:08:45
53.14,1,Las Vegas,0,34.0,0,70.0,1.0,7915.0,2024-11-04 08:07:15
587.23,1,Omaha,2,27.0,3,144.0,1.0,500.84,2024-11-04 08:09:21
21.27,0,Indianapolis,2,62.0,2,114.0,1.0,7392.79,2024-11-04 08:09:54
1397.59,0,Austin,0,26.0,3,144.0,1.0,1134.79,2024-11-04 08:06:38
76.02,0,Albuquerque,2,34.0,0,189.0,1.0,14765.41,2024-11-04 08:11:51
135.15,1,Colorado Springs,2,72.0,2,50.0,1.0,5878.14,2024-11-04 08:10:37
39.48,1,Omaha,0,56.0,2,38.0,1.0,5889.51,2024-11-04 08:11:50
451.68,1,Houston,2,33.0,1,15.0,1.0,4381.54,2024-11-04 08:09:51
355.0,0,Fort Worth,2,26.0,3,33.0,1.0,185.47,2024-11-04 08:10:34
427.69,1,Raleigh,0,43.0,1,236.0,1.0,2443.54,2024-11-04 08:11:53
254.86,1,Boston,1,23.0,3,102.0,1.0,699.9,2024-11-04 08:11:39
190.17,1,Baltimore,0,49.0,0,265.0,1.0,12893.85,2024-11-04 08:08:48
206.63,0,Oklahoma City,2,59.0,2,128.0,1.0,7626.53,2024-11-04 08:10:42
93.22,1,Charlotte,2,52.0,2,52.0,1.0,1014.63,2024-11-04 08:09:41
641.06,1,Colorado Springs,0,23.0,3,25.0,1.0,1602.13,2024-11-04 08:07:21
314.55,0,Dallas,1,27.0,3,19.0,2.0,1105.89,2024-11-04 08:07:16
836.45,1,Virginia Beach,2,61.0,2,63.0,1.0,1731.89,2024-11-04 08:12:12
1095.09,1,San Francisco,0,29.0,1,52.0,1.0,8692.47,2024-11-04 08:11:57
189.45,0,Boston,1,53.0,0,62.0,1.0,12578.75,2024-11-04 08:09:31
91.84,0,Mesa,1,67.0,2,80.0,1.0,1712.41,2024-11-04 08:08:32
609.52,1,Washington,0,78.0,2,169.0,1.0,3485.03,2024-11-04 08:08:19
859.3,0,Colorado Springs,1,78.0,2,68.0,1.0,1146.78,2024-11-04 08:06:56
100.01,1,Philadelphia,0,50.0,0,63.0,1.0,6393.12,2024-11-04 08:09:27
28.78,0,Tucson,2,40.0,0,51.0,1.0,680.55,2024-11-04 08:11:39
111.08,1,Chicago,2,70.0,0,83.0,1.0,7037.34,2024-11-04 08:10:59
470.96,0,Indianapolis,2,69.0,0,124.0,2.0,12991.03,2024-11-04 08:11:10
52.23,0,San Francisco,1,28.0,3,96.0,1.0,105.01,2024-11-04 08:08:11
78.62,1,Oklahoma City,1,32.0,0,52.0,1.0,1360.85,2024-11-04 08:08:12
333.97,1,Fresno,1,52.0,0,45.0,1.0,5237.36,2024-11-04 08:11:48
30.87,1,Fresno,0,33.0,0,295.0,1.0,14348.65,2024-11-04 08:10:43
710.43,1,San Diego,2,67.0,2,115.0,1.0,5625.55,2024-11-04 08:08:42
220.23,1,Milwaukee,0,41.0,1,48.0,1.0,3438.02,2024-11-04 08:06:33
27.28,1,Atlanta,0,29.0,0,96.0,1.0,10668.24,2024-11-04 08:09:42
101.52,1,Tucson,0,49.0,1,98.0,1.0,2018.9,2024-11-04 08:08:38
162.65,1,New York,0,59.0,1,147.0,1.0,9500.95,2024-11-04 08:11:20
10.52,1,Kansas City,0,55.0,2,30.0,1.0,2472.99,2024-11-04 08:11:06
270.72,1,Los Angeles,1,38.0,0,37.0,1.0,6522.47,2024-11-04 08:12:10
247.58,1,San Antonio,0,39.0,1,152.0,1.0,778.74,2024-11-04 08:07:18
359.65,0,Jacksonville,2,25.0,3,289.0,1.0,219.53,2024-11-04 08:09:04
109.91,1,Seattle,1,38.0,0,90.0,1.0,12896.06,2024-11-04 08:10:57
215.72,0,Columbus,1,30.0,1,137.0,1.0,8697.11,2024-11-04 08:11:54
224.28,1,Chicago,2,64.0,2,68.0,1.0,5767.51,2024-11-04 08:10:52
608.79,1,Fort Worth,2,55.0,1,157.0,1.0,2991.17,2024-11-04 08:12:18
840.16,0,Colorado Springs,1,20.0,3,68.0,1.0,1236.76,2024-11-04 08:12:12
203.34,1,Phoenix,0,60.0,0,66.0,1.0,13586.99,2024-11-04 08:09:43
90.88,1,Colorado Springs,0,26.0,1,284.0,1.0,7117.35,2024-11-04 08:10:50
60.11,0,Albuquerque,1,61.0,2,122.0,1.0,7235.87,2024-11-04 08:08:09
393.92,1,Memphis,1,72.0,2,47.0,1.0,7318.64,2024-11-04 08:12:07
19.39,1,Colorado Springs,0,43.0,0,45.0,1.0,9847.6,2024-11-04 08:11:24
557.41,0,Washington,2,80.0,2,49.0,1.0,2968.75,2024-11-04 08:09:54
57.07,0,Boston,2,31.0,0,99.0,1.0,9323.71,2024-11-04 08:11:35
395.27,0,Miami,2,18.0,3,167.0,1.0,1764.08,2024-11-04 08:08:21
289.05,1,New York,0,75.0,2,116.0,1.0,5683.49,2024-11-04 08:11:58
46.11,1,San Francisco,2,33.0,0,233.0,1.0,5225.73,2024-11-04 08:10:44
335.5,1,Sacramento,0,63.0,2,47.0,1.0,6445.4,2024-11-04 08:12:23
388.07,1,Seattle,2,24.0,3,68.0,1.0,289.71,2024-11-04 08:10:37
520.86,0,Sacramento,2,51.0,1,66.0,1.0,9200.74,2024-11-04 08:08:47
787.41,1,Memphis,2,25.0,3,39.0,1.0,300.87,2024-11-04 08:06:44
31.7,0,Raleigh,0,48.0,0,121.0,1.0,743.9,2024-11-04 08:08:02
22.3,1,Philadelphia,0,21.0,3,90.0,1.0,1200.35,2024-11-04 08:12:18
203.12,1,San Jose,0,56.0,2,181.0,1.0,1562.39,2024-11-04 08:09:15
315.94,0,Raleigh,1,49.0,0,172.0,1.0,7719.71,2024-11-04 08:12:09
192.23,1,Albuquerque,2,54.0,1,39.0,3.0,2610.67,2024-11-04 08:06:41
1510.71,1,Oklahoma City,2,66.0,2,51.0,1.0,2060.02,2024-11-04 08:09:11
0.26,1,Oklahoma City,2,20.0,3,173.0,1.0,1833.67,2024-11-04 08:07:45
210.77,1,Mesa,0,71.0,2,161.0,1.0,5396.65,2024-11-04 08:11:21
406.65,1,Mesa,0,57.0,0,107.0,1.0,12995.7,2024-11-04 08:11:01
422.9,1,Tucson,0,40.0,1,111.0,1.0,7616.43,2024-11-04 08:10:52
20.62,0,Philadelphia,0,35.0,0,225.0,1.0,12500.8,2024-11-04 08:08:49
174.39,1,San Francisco,0,19.0,3,36.0,1.0,1127.08,2024-11-04 08:11:01
54.85,0,San Francisco,1,58.0,2,40.0,1.0,2727.45,2024-11-04 08:09:36
204.7,1,Oklahoma City,1,49.0,0,95.0,5.0,5117.03,2024-11-04 08:10:26
16.55,1,Tucson,1,26.0,1,159.0,1.0,6089.79,2024-11-04 08:08:11
91.32,1,Milwaukee,1,58.0,1,77.0,1.0,2618.1,2024-11-04 08:08:22
49.62,1,Portland,0,55.0,1,111.0,1.0,3841.42,2024-11-04 08:07:23
487.16,0,Los Angeles,1,28.0,3,84.0,1.0,321.21,2024-11-04 08:12:22
405.6,1,Tucson,2,37.0,1,44.0,1.0,9754.73,2024-11-04 08:09:24
512.95,1,Columbus,1,57.0,1,143.0,1.0,9584.52,2024-11-04 08:10:05
345.94,1,Portland,0,31.0,0,163.0,1.0,7624.56,2024-11-04 08:11:40
356.56,1,New York,2,47.0,1,52.0,1.0,2485.73,2024-11-04 08:11:57
10.31,1,Louisville,2,36.0,1,280.0,1.0,2137.9,2024-11-04 08:11:14
211.69,1,Atlanta,1,30.0,0,111.0,1.0,6412.85,2024-11-04 08:07:50
221.49,0,Oklahoma City,1,23.0,3,196.0,1.0,707.25,2024-11-04 08:11:50
116.88,1,Memphis,0,45.0,0,263.0,1.0,7717.34,2024-11-04 08:10:02
328.77,0,San Diego,2,39.0,0,247.0,1.0,6967.03,2024-11-04 08:09:57
77.53,1,Louisville,1,54.0,2,55.0,1.0,5158.6,2024-11-04 08:07:12
421.74,1,San Jose,2,67.0,0,103.0,1.0,12031.14,2024-11-04 08:10:18
313.69,1,Oklahoma City,1,73.0,2,152.0,1.0,7093.68,2024-11-04 08:10:23
411.72,1,Washington,1,29.0,0,153.0,1.0,8539.86,2024-11-04 08:11:43
508.73,1,Chicago,1,59.0,2,89.0,1.0,7640.57,2024-11-04 08:09:07
153.08,1,Omaha,0,24.0,3,201.0,1.0,1292.21,2024-11-04 08:09:29
23.01,1,Las Vegas,1,63.0,2,166.0,1.0,5958.75,2024-11-04 08:09:14
69.28,1,Los Angeles,2,25.0,3,129.0,1.0,708.74,2024-11-04 08:11:01
51.25,0,Austin,1,28.0,3,66.0,1.0,1744.4,2024-11-04 08:11:52
407.65,1,Denver,0,25.0,3,263.0,1.0,273.78,2024-11-04 08:08:37
459.25,1,Tucson,1,25.0,3,59.0,1.0,130.76,2024-11-04 08:11:47
301.56,1,Seattle,1,49.0,0,118.0,1.0,10389.6,2024-11-04 08:10:23
17.67,1,San Diego,2,63.0,0,91.0,1.0,1048.18,2024-11-04 08:10:55
5.29,0,San Francisco,2,32.0,0,132.0,1.0,12896.68,2024-11-04 08:11:04
401.37,1,Los Angeles,1,43.0,1,251.0,1.0,8208.54,2024-11-04 08:11:41
145.4,1,Tucson,2,38.0,1,24.0,1.0,5244.49,2024-11-04 08:09:52
34.31,1,Philadelphia,0,24.0,3,251.0,1.0,1484.76,2024-11-04 08:11:26
780.59,0,Tucson,2,23.0,3,145.0,1.0,6513.34,2024-11-04 08:07:01
282.65,1,Fort Worth,0,35.0,0,161.0,1.0,13801.15,2024-11-04 08:08:51
305.27,1,Las Vegas,2,68.0,0,147.0,1.0,12958.65,2024-11-04 08:09:31
185.81,1,Austin,2,32.0,0,116.0,1.0,9588.71,2024-11-04 08:10:15
447.95,1,Tucson,1,29.0,1,75.0,1.0,7544.4,2024-11-04 08:09:20
279.3,1,Oklahoma City,0,19.0,3,48.0,1.0,1193.61,2024-11-04 08:07:20
611.15,1,Detroit,0,27.0,3,121.0,1.0,892.83,2024-11-04 08:09:23
275.2,1,New York,2,54.0,1,81.0,1.0,1230.12,2024-11-04 08:09:50
427.79,1,San Jose,1,18.0,3,189.0,1.0,1479.67,2024-11-04 08:08:54
102.81,1,Seattle,1,76.0,2,47.0,1.0,3228.87,2024-11-04 08:08:07
22.61,1,Seattle,2,19.0,3,145.0,1.0,1111.67,2024-11-04 08:06:47
68.28,1,Boston,2,56.0,1,293.0,1.0,3213.16,2024-11-04 08:08:24
33.65,0,New York,2,63.0,0,146.0,1.0,12719.93,2024-11-04 08:07:24
362.68,0,Miami,0,63.0,2,137.0,1.0,2040.77,2024-11-04 08:06:30
73.23,1,San Francisco,1,20.0,3,172.0,1.0,1309.85,2024-11-04 08:12:22
654.49,0,Austin,2,25.0,3,104.0,1.0,164.61,2024-11-04 08:08:39
18.56,0,Memphis,1,49.0,1,161.0,1.0,4230.37,2024-11-04 08:07:40
389.05,1,Dallas,0,27.0,3,41.0,1.0,761.0,2024-11-04 08:11:28
66.91,1,Seattle,0,39.0,0,85.0,1.0,871.1,2024-11-04 08:10:19
335.48,1,Oklahoma City,1,45.0,1,155.0,1.0,3023.16,2024-11-04 08:06:45
38.14,1,Albuquerque,2,19.0,3,174.0,1.0,1119.21,2024-11-04 08:09:59
1076.98,1,Detroit,1,60.0,0,173.0,1.0,11833.73,2024-11-04 08:09:33
360.02,1,Dallas,2,68.0,2,68.0,1.0,6400.59,2024-11-04 08:08:53
567.71,1,Memphis,2,63.0,0,80.0,1.0,13884.24,2024-11-04 08:10:40
218.19,1,Austin,0,19.0,3,185.0,1.0,620.83,2024-11-04 08:10:27
209.99,1,Denver,0,19.0,3,40.0,1.0,1938.01,2024-11-04 08:11:39
11.02,1,Tucson,1,19.0,3,280.0,1.0,964.79,2024-11-04 08:06:56
83.43,1,New York,2,56.0,2,109.0,1.0,1870.16,2024-11-04 08:11:40
344.97,1,Austin,2,34.0,0,106.0,1.0,5577.94,2024-11-04 08:09:39
172.29,1,El Paso,0,36.0,1,283.0,1.0,8700.8,2024-11-04 08:08:42
195.54,1,Omaha,2,60.0,2,255.0,1.0,2794.66,2024-11-04 08:09:01
180.46,1,Fresno,0,25.0,3,34.0,1.0,831.75,2024-11-04 08:11:23
692.55,1,Charlotte,1,53.0,2,109.0,1.0,2451.56,2024-11-04 08:12:17
147.31,0,Mesa,2,34.0,0,92.0,1.0,13625.52,2024-11-04 08:07:58
107.48,1,Los Angeles,1,20.0,3,103.0,1.0,1379.39,2024-11-04 08:12:07
1831.02,0,Columbus,2,62.0,0,83.0,1.0,11498.01,2024-11-04 08:10:52
81.51,1,Washington,1,25.0,3,97.0,1.0,865.49,2024-11-04 08:07:15
365.48,0,Seattle,2,76.0,2,216.0,1.0,7147.4,2024-11-04 08:10:38
491.1,0,Houston,2,35.0,1,125.0,1.0,7833.85,2024-11-04 08:07:32
452.8,1,Los Angeles,1,80.0,2,151.0,1.0,4840.67,2024-11-04 08:07:34
88.42,1,El Paso,0,62.0,0,91.0,1.0,12381.45,2024-11-04 08:09:15
155.53,1,Baltimore,0,29.0,1,66.0,1.0,4008.05,2024-11-04 08:08:36
991.82,1,Milwaukee,2,43.0,1,300.0,1.0,3493.13,2024-11-04 08:10:11
39.24,1,Dallas,0,77.0,2,106.0,1.0,6462.41,2024-11-04 08:11:18
152.01,1,Fort Worth,0,42.0,1,111.0,3.0,4625.12,2024-11-04 08:11:14
78.77,0,Las Vegas,0,48.0,1,50.0,1.0,6470.57,2024-11-04 08:06:41
26.5,1,Indianapolis,2,48.0,1,179.0,1.0,4854.83,2024-11-04 08:07:24
83.62,1,Raleigh,0,48.0,0,146.0,1.0,12652.22,2024-11-04 08:12:06
142.78,1,San Diego,1,68.0,0,150.0,1.0,11705.88,2024-11-04 08:12:22
55.99,1,El Paso,0,35.0,0,95.0,1.0,932.61,2024-11-04 08:07:20
774.48,1,Louisville,1,61.0,0,31.0,1.0,11613.58,2024-11-04 08:08:33
105.37,1,Sacramento,0,25.0,3,160.0,1.0,1068.55,2024-11-04 08:09:44
118.83,1,Virginia Beach,2,28.0,3,295.0,1.0,1616.3,2024-11-04 08:08:28
46.22,1,San Jose,1,23.0,3,217.0,1.0,471.28,2024-11-04 08:08:59
659.71,0,San Jose,1,21.0,3,148.0,1.0,106.86,2024-11-04 08:09:32
377.97,1,Miami,2,72.0,2,160.0,1.0,2457.1,2024-11-04 08:11:04
114.1,1,Boston,1,69.0,2,148.0,1.0,5882.12,2024-11-04 08:11:19
11.3,0,Louisville,2,55.0,2,41.0,1.0,1938.99,2024-11-04 08:09:25
95.5,1,Omaha,2,57.0,2,17.0,1.0,4079.09,2024-11-04 08:08:19
130.93,0,Houston,1,28.0,1,149.0,1.0,860.12,2024-11-04 08:11:18
272.97,1,Boston,2,68.0,2,174.0,1.0,7811.31,2024-11-04 08:10:58
73.35,1,San Francisco,1,24.0,3,47.0,1.0,1181.84,2024-11-04 08:09:57
29.94,1,San Francisco,0,58.0,0,243.0,1.0,10915.54,2024-11-04 08:12:01
307.24,1,San Jose,0,19.0,3,136.0,2.0,1670.72,2024-11-04 08:09:50
820.46,0,Fort Worth,2,53.0,1,243.0,1.0,5621.86,2024-11-04 08:10:23
153.07,1,Detroit,0,56.0,1,116.0,1.0,8873.43,2024-11-04 08:12:06
52.94,1,Tucson,1,41.0,0,146.0,1.0,6990.92,2024-11-04 08:11:08
384.41,1,Jacksonville,0,60.0,1,65.0,1.0,7831.56,2024-11-04 08:10:13
235.42,1,Phoenix,1,51.0,2,175.0,1.0,6173.23,2024-11-04 08:11:06
114.23,1,Dallas,0,56.0,0,64.0,1.0,9523.72,2024-11-04 08:06:35
12.62,1,El Paso,1,33.0,0,61.0,1.0,6420.47,2024-11-04 08:09:03
997.37,1,Fort Worth,0,23.0,3,145.0,1.0,1146.09,2024-11-04 08:07:23
373.52,1,Colorado Springs,0,35.0,1,235.0,1.0,6430.41,2024-11-04 08:11:16
336.05,1,San Antonio,1,28.0,3,164.0,1.0,1635.05,2024-11-04 08:12:13
112.27,1,Seattle,1,58.0,0,102.0,1.0,7369.89,2024-11-04 08:11:23
494.96,1,Sacramento,0,40.0,1,132.0,1.0,6903.68,2024-11-04 08:08:34
561.58,1,Sacramento,2,65.0,0,23.0,1.0,11748.86,2024-11-04 08:06:32
440.94,1,San Antonio,2,42.0,0,148.0,1.0,7303.23,2024-11-04 08:11:22
71.9,1,Los Angeles,1,29.0,0,51.0,1.0,10619.35,2024-11-04 08:12:07
256.66,0,Raleigh,2,54.0,2,137.0,1.0,1794.5,2024-11-04 08:06:55
166.55,0,Houston,1,59.0,0,99.0,1.0,12970.21,2024-11-04 08:09:36
276.26,1,Louisville,1,56.0,0,143.0,1.0,120.89,2024-11-04 08:11:47
35.46,1,Indianapolis,0,67.0,0,164.0,1.0,5692.31,2024-11-04 08:10:12
38.14,1,Portland,1,50.0,1,165.0,1.0,9879.87,2024-11-04 08:07:16
506.26,0,Baltimore,0,64.0,2,86.0,1.0,6266.65,2024-11-04 08:11:53
736.32,1,Indianapolis,2,31.0,0,28.0,1.0,14268.95,2024-11-04 08:10:23
389.43,0,Austin,0,52.0,1,151.0,1.0,6449.83,2024-11-04 08:10:57
25.58,1,Omaha,0,60.0,1,166.0,1.0,6741.41,2024-11-04 08:06:29
446.1,1,Seattle,0,25.0,3,243.0,1.0,1008.44,2024-11-04 08:08:30
147.74,1,Raleigh,1,23.0,3,15.0,1.0,1711.78,2024-11-04 08:12:18
1228.81,1,San Francisco,0,26.0,3,254.0,1.0,1821.0,2024-11-04 08:09:05
46.23,1,Fresno,2,77.0,2,282.0,1.0,5107.75,2024-11-04 08:09:46
265.37,1,Washington,1,33.0,1,77.0,1.0,5229.95,2024-11-04 08:09:20
342.57,1,Boston,2,20.0,3,91.0,1.0,339.16,2024-11-04 08:09:51
417.26,0,New York,2,32.0,0,45.0,1.0,10442.48,2024-11-04 08:11:53
33.63,1,Columbus,2,63.0,2,76.0,1.0,4324.4,2024-11-04 08:10:52
64.58,1,El Paso,1,55.0,2,173.0,1.0,6292.29,2024-11-04 08:11:27
23.23,0,Miami,1,21.0,3,122.0,1.0,269.01,2024-11-04 08:09:54
285.49,0,Charlotte,1,53.0,0,109.0,1.0,6366.84,2024-11-04 08:12:14
71.87,1,Nashville,0,22.0,3,258.0,1.0,1839.1,2024-11-04 08:12:07
308.8,1,Baltimore,0,53.0,2,41.0,1.0,3966.54,2024-11-04 08:09:59
288.43,1,Phoenix,1,66.0,2,72.0,1.0,4577.09,2024-11-04 08:09:00
147.46,0,Albuquerque,2,65.0,0,205.0,1.0,7458.03,2024-11-04 08:11:31
71.34,1,Miami,2,49.0,1,144.0,3.0,6345.03,2024-11-04 08:09:43
170.36,1,Indianapolis,0,30.0,0,118.0,1.0,6034.73,2024-11-04 08:09:24
965.66,1,Raleigh,0,53.0,1,32.0,1.0,765.81,2024-11-04 08:08:58
736.53,1,Philadelphia,0,55.0,1,120.0,1.0,9826.26,2024-11-04 08:09:38
213.42,1,Columbus,0,45.0,1,17.0,1.0,3736.38,2024-11-04 08:11:26
94.09,1,Miami,1,27.0,3,203.0,1.0,646.85,2024-11-04 08:10:29
263.92,0,San Diego,1,57.0,2,233.0,1.0,4161.71,2024-11-04 08:10:43
77.5,0,Fort Worth,2,51.0,0,201.0,1.0,11079.77,2024-11-04 08:08:15
3.65,1,Miami,2,69.0,0,146.0,1.0,10017.11,2024-11-04 08:11:01
224.79,1,Boston,2,18.0,3,129.0,1.0,528.38,2024-11-04 08:10:25
64.3,1,Louisville,0,55.0,2,67.0,1.0,7530.3,2024-11-04 08:11:58
111.79,1,Jacksonville,2,62.0,0,49.0,1.0,10887.59,2024-11-04 08:11:34
927.16,1,San Francisco,0,59.0,2,153.0,1.0,7104.61,2024-11-04 08:10:20
613.7,0,Fort Worth,1,61.0,2,37.0,1.0,7307.11,2024-11-04 08:10:53
26.07,1,Baltimore,1,20.0,3,19.0,3.0,349.98,2024-11-04 08:10:16
170.45,1,San Francisco,1,60.0,1,199.0,1.0,2284.41,2024-11-04 08:09:17
344.27,1,San Antonio,1,22.0,3,123.0,1.0,1918.36,2024-11-04 08:09:37
872.72,1,Washington,2,22.0,3,288.0,1.0,503.01,2024-11-04 08:10:49
292.95,1,Memphis,1,37.0,1,56.0,1.0,1216.91,2024-11-04 08:11:13
28.44,1,Fresno,0,18.0,3,243.0,1.0,1071.04,2024-11-04 08:09:03
209.02,1,El Paso,0,21.0,3,74.0,1.0,187.9,2024-11-04 08:11:19
20.05,1,Chicago,0,72.0,2,171.0,1.0,7145.67,2024-11-04 08:08:00
175.02,1,Phoenix,2,28.0,3,71.0,1.0,1493.88,2024-11-04 08:09:21
89.5,0,Louisville,1,41.0,1,134.0,1.0,8658.95,2024-11-04 08:09:01
69.96,1,Baltimore,1,28.0,3,31.0,1.0,164.12,2024-11-04 08:08:13
376.78,0,Nashville,2,21.0,3,88.0,1.0,841.65,2024-11-04 08:07:49
148.54,0,Columbus,1,71.0,2,107.0,1.0,5677.05,2024-11-04 08:11:52
388.77,0,Jacksonville,2,26.0,3,30.0,1.0,1658.49,2024-11-04 08:11:05
100.38,1,Seattle,1,63.0,0,49.0,1.0,10171.68,2024-11-04 08:09:18
137.23,1,Fresno,1,64.0,0,63.0,1.0,13847.99,2024-11-04 08:08:41
870.3,1,San Jose,0,51.0,2,229.0,1.0,3688.98,2024-11-04 08:08:54
458.94,1,Detroit,1,52.0,1,180.0,1.0,5619.95,2024-11-04 08:08:35
327.35,0,Memphis,1,20.0,3,175.0,1.0,342.08,2024-11-04 08:11:19
757.15,1,Raleigh,2,53.0,1,38.0,1.0,4702.86,2024-11-04 08:08:06
47.23,0,Memphis,2,73.0,2,160.0,1.0,6659.81,2024-11-04 08:11:07
170.97,1,Nashville,1,26.0,3,292.0,1.0,1265.27,2024-11-04 08:07:51
262.43,0,San Diego,2,37.0,0,274.0,5.0,12841.01,2024-11-04 08:07:46
659.15,1,Boston,0,22.0,3,204.0,1.0,1241.59,2024-11-04 08:06:24
31.53,1,Kansas City,2,25.0,3,283.0,1.0,874.93,2024-11-04 08:06:33
250.01,1,Kansas City,0,62.0,2,88.0,1.0,1541.48,2024-11-04 08:12:10
554.15,1,Raleigh,0,49.0,0,108.0,1.0,14817.22,2024-11-04 08:12:11
28.38,1,Sacramento,1,55.0,0,98.0,1.0,173.7,2024-11-04 08:08:56
16.8,1,San Diego,0,49.0,0,94.0,1.0,11847.07,2024-11-04 08:09:51
896.79,1,Dallas,2,33.0,0,168.0,1.0,11146.74,2024-11-04 08:06:45
159.0,1,Las Vegas,0,49.0,1,38.0,1.0,369.79,2024-11-04 08:08:35
56.31,0,Houston,2,75.0,2,195.0,1.0,6396.08,2024-11-04 08:08:12
203.99,1,Philadelphia,2,52.0,2,215.0,1.0,4840.31,2024-11-04 08:09:52
50.99,1,Detroit,1,29.0,0,76.0,1.0,1334.6,2024-11-04 08:10:00
101.28,0,Chicago,2,32.0,1,75.0,1.0,2774.35,2024-11-04 08:06:44
299.92,1,Denver,0,27.0,3,122.0,1.0,1368.0,2024-11-04 08:08:59
18.35,1,Nashville,1,21.0,3,78.0,1.0,1293.39,2024-11-04 08:10:06
732.53,0,San Jose,0,26.0,3,116.0,1.0,441.54,2024-11-04 08:12:14
65.11,1,Nashville,0,34.0,1,150.0,1.0,8485.14,2024-11-04 08:08:55
67.07,0,Los Angeles,0,24.0,3,56.0,1.0,999.62,2024-11-04 08:10:33
137.48,1,Seattle,1,55.0,0,47.0,1.0,14273.42,2024-11-04 08:08:46
398.36,1,Columbus,0,22.0,3,56.0,1.0,1863.7,2024-11-04 08:09:08
469.46,1,New York,0,20.0,3,149.0,1.0,8640.56,2024-11-04 08:09:58
37.58,1,Indianapolis,0,57.0,0,182.0,1.0,259.44,2024-11-04 08:12:14
160.24,1,Washington,0,31.0,1,15.0,1.0,5526.97,2024-11-04 08:09:07
315.39,0,New York,1,23.0,3,93.0,1.0,929.6,2024-11-04 08:08:08
434.17,1,Atlanta,0,21.0,3,148.0,5.0,5335.44,2024-11-04 08:09:50
165.91,1,Jacksonville,0,26.0,3,84.0,1.0,587.12,2024-11-04 08:09:22
211.36,1,San Francisco,1,47.0,1,194.0,1.0,4760.34,2024-11-04 08:11:24
241.45,1,Portland,2,26.0,3,158.0,1.0,1594.04,2024-11-04 08:08:42
23.24,1,Indianapolis,1,68.0,0,129.0,1.0,13777.79,2024-11-04 08:10:55
70.88,0,Omaha,1,74.0,2,176.0,1.0,1794.65,2024-11-04 08:06:26
314.52,1,Memphis,0,80.0,2,229.0,1.0,7071.32,2024-11-04 08:06:44
181.81,0,Austin,2,78.0,2,122.0,1.0,7525.73,2024-11-04 08:09:04
854.64,1,Fort Worth,1,56.0,2,118.0,1.0,2989.25,2024-11-04 08:08:54
261.19,1,Oklahoma City,0,64.0,2,52.0,1.0,7620.6,2024-11-04 08:09:48
220.68,0,Raleigh,2,71.0,2,217.0,1.0,5549.2,2024-11-04 08:07:05
11.86,1,Sacramento,1,31.0,1,129.0,1.0,6782.61,2024-11-04 08:08:52
122.65,1,Columbus,2,28.0,3,41.0,1.0,1968.51,2024-11-04 08:06:57
395.16,1,Milwaukee,2,56.0,2,17.0,1.0,5340.73,2024-11-04 08:11:15
704.69,1,Las Vegas,2,51.0,2,150.0,1.0,3267.84,2024-11-04 08:10:51
369.89,1,San Antonio,0,69.0,2,69.0,1.0,6941.47,2024-11-04 08:11:27
10.92,1,Jacksonville,0,67.0,2,268.0,1.0,7567.2,2024-11-04 08:08:28
199.14,1,Seattle,1,31.0,1,36.0,1.0,7001.25,2024-11-04 08:10:52
620.54,0,Omaha,1,28.0,3,98.0,1.0,213.36,2024-11-04 08:07:26
757.79,1,Charlotte,2,22.0,3,117.0,1.0,1443.02,2024-11-04 08:08:27
122.81,1,San Jose,1,52.0,0,12.0,1.0,8450.84,2024-11-04 08:09:37
96.25,1,Houston,2,61.0,2,171.0,1.0,7996.7,2024-11-04 08:06:36
1431.33,1,Charlotte,0,30.0,0,49.0,1.0,5567.98,2024-11-04 08:09:18
142.55,1,Kansas City,2,67.0,0,97.0,1.0,1262.68,2024-11-04 08:07:26
35.94,0,Fresno,1,23.0,3,141.0,1.0,1697.28,2024-11-04 08:09:24
24.86,1,Jacksonville,1,58.0,1,292.0,1.0,2591.65,2024-11-04 08:12:04
103.08,1,San Francisco,2,60.0,0,109.0,1.0,12002.16,2024-11-04 08:10:18
116.27,1,Portland,2,57.0,1,94.0,1.0,8726.92,2024-11-04 08:11:49
363.84,1,Columbus,2,73.0,2,118.0,3.0,5415.64,2024-11-04 08:09:37
50.9,0,Jacksonville,2,28.0,3,150.0,1.0,1277.7,2024-11-04 08:06:36
206.84,1,Philadelphia,1,20.0,3,154.0,1.0,454.66,2024-11-04 08:10:50
199.37,1,Chicago,2,24.0,3,79.0,1.0,1331.3,2024-11-04 08:08:44
1360.01,0,Phoenix,1,67.0,2,218.0,1.0,6601.5,2024-11-04 08:11:58
18.23,1,Nashville,0,56.0,1,28.0,1.0,8422.2,2024-11-04 08:11:20
398.7,1,Albuquerque,0,47.0,0,276.0,1.0,7987.74,2024-11-04 08:09:04
378.2,1,Mesa,1,40.0,1,167.0,1.0,7372.81,2024-11-04 08:11:02
124.74,1,Los Angeles,0,49.0,1,33.0,1.0,2987.97,2024-11-04 08:08:17
17.1,1,Albuquerque,0,53.0,2,101.0,1.0,1619.54,2024-11-04 08:11:05
287.05,1,Milwaukee,0,22.0,3,212.0,1.0,1204.65,2024-11-04 08:10:59
874.72,1,San Francisco,2,28.0,1,173.0,1.0,4630.58,2024-11-04 08:08:17
1762.28,1,Memphis,0,24.0,3,150.0,1.0,1380.34,2024-11-04 08:10:42
40.12,0,Dallas,0,36.0,0,269.0,1.0,14304.38,2024-11-04 08:10:40
125.0,0,Indianapolis,2,49.0,1,177.0,1.0,3215.76,2024-11-04 08:11:36
348.44,1,Baltimore,2,24.0,3,147.0,1.0,1022.94,2024-11-04 08:09:55
128.4,1,Tucson,0,69.0,2,31.0,1.0,2610.64,2024-11-04 08:11:44
320.93,1,Atlanta,2,55.0,1,178.0,1.0,9451.66,2024-11-04 08:10:27
1.41,1,Sacramento,0,53.0,2,278.0,1.0,1244.17,2024-11-04 08:12:04
50.52,1,Los Angeles,1,54.0,0,293.0,1.0,12815.24,2024-11-04 08:06:58
383.95,0,San Diego,2,31.0,1,143.0,1.0,9933.56,2024-11-04 08:07:55
12.94,1,Fresno,1,23.0,3,158.0,1.0,921.23,2024-11-04 08:10:32
329.75,1,Sacramento,2,56.0,2,211.0,1.0,6009.43,2024-11-04 08:09:57
981.76,1,Milwaukee,2,45.0,0,234.0,1.0,602.36,2024-11-04 08:06:45
99.25,0,Phoenix,2,63.0,2,93.0,1.0,2570.34,2024-11-04 08:07:33
150.6,1,Miami,0,69.0,2,59.0,1.0,3240.14,2024-11-04 08:07:30
29.5,1,San Antonio,2,73.0,2,129.0,1.0,1229.32,2024-11-04 08:09:30
54.34,1,Albuquerque,0,65.0,0,46.0,1.0,8019.89,2024-11-04 08:11:47
18.25,1,Kansas City,0,53.0,0,18.0,1.0,14328.29,2024-11-04 08:08:43
633.87,1,Kansas City,2,27.0,3,175.0,1.0,330.16,2024-11-04 08:09:58
81.15,1,Miami,0,19.0,3,114.0,1.0,1595.26,2024-11-04 08:09:07
83.95,1,New York,2,75.0,2,170.0,1.0,7413.18,2024-11-04 08:06:37
410.4,0,Virginia Beach,0,61.0,2,78.0,1.0,2563.91,2024-11-04 08:09:34
172.68,1,Baltimore,0,33.0,0,17.0,1.0,10724.95,2024-11-04 08:07:49
139.88,1,Colorado Springs,0,34.0,1,162.0,1.0,2969.71,2024-11-04 08:07:25
165.55,1,Dallas,1,28.0,3,115.0,1.0,761.78,2024-11-04 08:08:55
53.79,0,Philadelphia,0,54.0,1,137.0,3.0,6229.36,2024-11-04 08:07:47
285.69,1,Miami,0,63.0,2,35.0,1.0,2552.54,2024-11-04 08:07:59
532.4,1,Jacksonville,0,22.0,3,149.0,1.0,1033.73,2024-11-04 08:09:47
293.85,1,Charlotte,2,25.0,3,144.0,1.0,1919.97,2024-11-04 08:09:31
27.94,1,Atlanta,1,79.0,2,120.0,1.0,1893.44,2024-11-04 08:08:30
270.36,1,Oklahoma City,0,25.0,3,37.0,1.0,1783.04,2024-11-04 08:07:51
112.66,1,Philadelphia,2,29.0,1,176.0,3.0,852.98,2024-11-04 08:07:58
506.03,1,Detroit,1,21.0,3,21.0,1.0,1123.89,2024-11-04 08:09:26
206.95,1,Seattle,1,22.0,3,31.0,1.0,1817.65,2024-11-04 08:07:36
350.96,1,Tucson,0,63.0,2,167.0,1.0,5463.94,2024-11-04 08:08:03
261.63,1,Chicago,1,20.0,3,150.0,1.0,477.03,2024-11-04 08:09:33
46.12,1,Fresno,1,59.0,0,30.0,1.0,8874.01,2024-11-04 08:08:32
27.25,0,Kansas City,1,63.0,2,92.0,1.0,5365.2,2024-11-04 08:09:28
1353.93,1,El Paso,1,26.0,1,171.0,1.0,7858.41,2024-11-04 08:08:50
331.66,1,Las Vegas,0,76.0,2,145.0,1.0,7216.3,2024-11-04 08:08:23
667.95,0,Oklahoma City,0,62.0,0,253.0,1.0,13558.56,2024-11-04 08:08:19
556.04,1,Denver,0,72.0,2,27.0,1.0,5200.04,2024-11-04 08:07:38
88.06,0,Raleigh,2,18.0,3,288.0,1.0,1779.85,2024-11-04 08:09:03
67.25,1,Miami,2,19.0,3,157.0,1.0,467.4,2024-11-04 08:11:37
93.63,1,New York,0,29.0,1,141.0,1.0,9873.62,2024-11-04 08:09:57
41.13,0,Philadelphia,1,77.0,2,58.0,1.0,6067.54,2024-11-04 08:10:03
192.02,0,Indianapolis,2,79.0,2,154.0,1.0,5169.07,2024-11-04 08:09:02
291.27,1,Detroit,1,77.0,2,121.0,1.0,6878.86,2024-11-04 08:10:16
341.84,0,El Paso,1,27.0,3,89.0,1.0,1400.04,2024-11-04 08:07:42
98.41,1,Sacramento,2,27.0,3,48.0,1.0,912.71,2024-11-04 08:08:45
109.28,1,San Diego,2,36.0,1,112.0,4.0,6338.35,2024-11-04 08:07:21
27.51,0,Columbus,2,40.0,0,103.0,1.0,13645.63,2024-11-04 08:06:27
25.77,0,San Diego,2,45.0,0,277.0,1.0,11749.77,2024-11-04 08:10:33
127.57,1,Nashville,0,52.0,2,75.0,1.0,6118.2,2024-11-04 08:10:45
392.05,1,Denver,0,60.0,1,172.0,1.0,4383.69,2024-11-04 08:06:25
521.01,0,Seattle,1,41.0,1,73.0,1.0,4004.55,2024-11-04 08:07:07
849.76,1,Seattle,0,25.0,3,269.0,1.0,373.88,2024-11-04 08:07:50
172.5,1,Columbus,2,68.0,0,31.0,1.0,6851.16,2024-11-04 08:11:14
152.34,1,Omaha,1,55.0,0,115.0,1.0,6853.51,2024-11-04 08:08:11
21.13,1,Dallas,1,28.0,3,153.0,1.0,948.7,2024-11-04 08:10:17
111.55,1,Denver,0,46.0,0,101.0,1.0,12221.17,2024-11-04 08:08:09
321.82,0,Raleigh,1,32.0,1,43.0,1.0,6500.5,2024-11-04 08:08:22
1294.81,0,Washington,1,45.0,1,279.0,1.0,9927.75,2024-11-04 08:11:44
148.77,1,San Jose,1,67.0,2,175.0,1.0,2138.42,2024-11-04 08:11:51
566.33,0,Charlotte,0,24.0,3,66.0,1.0,379.82,2024-11-04 08:07:18
180.94,1,Raleigh,1,75.0,2,57.0,1.0,7659.99,2024-11-04 08:10:34
77.9,1,Washington,1,21.0,3,128.0,1.0,664.72,2024-11-04 08:08:41
318.92,0,Washington,1,21.0,3,60.0,1.0,1167.25,2024-11-04 08:09:03
100.68,1,Memphis,2,63.0,2,139.0,1.0,1123.75,2024-11-04 08:12:10
589.64,1,Charlotte,2,62.0,2,210.0,1.0,2039.4,2024-11-04 08:11:53
225.93,0,Omaha,1,25.0,3,199.0,1.0,1864.27,2024-11-04 08:08:39
651.55,1,Phoenix,2,72.0,2,82.0,1.0,2325.78,2024-11-04 08:09:47
80.97,1,Seattle,2,38.0,0,157.0,1.0,5926.31,2024-11-04 08:09:06
191.89,1,San Antonio,1,25.0,3,14.0,1.0,399.57,2024-11-04 08:09:55
304.75,0,Austin,1,78.0,2,125.0,1.0,1916.34,2024-11-04 08:07:01
201.53,1,Tucson,2,68.0,2,287.0,1.0,2732.86,2024-11-04 08:12:21
8.45,1,Philadelphia,0,22.0,3,141.0,1.0,1115.3,2024-11-04 08:07:47
743.24,0,Indianapolis,2,19.0,3,109.0,1.0,1024.19,2024-11-04 08:08:46
16.27,1,Atlanta,0,57.0,0,44.0,1.0,10971.32,2024-11-04 08:09:04
290.86,1,Louisville,2,45.0,0,36.0,1.0,14631.88,2024-11-04 08:10:45
555.71,0,Boston,1,22.0,3,73.0,1.0,830.37,2024-11-04 08:08:24
73.01,0,Milwaukee,2,25.0,3,62.0,1.0,1997.33,2024-11-04 08:10:12
346.12,1,San Francisco,1,44.0,0,12.0,1.0,13084.27,2024-11-04 08:11:00
1.93,1,Chicago,1,47.0,0,175.0,5.0,5684.09,2024-11-04 08:08:33
238.54,1,Indianapolis,0,19.0,3,12.0,4.0,868.91,2024-11-04 08:07:18
7.56,1,Milwaukee,0,40.0,0,145.0,1.0,8528.72,2024-11-04 08:07:19
540.4,1,Houston,1,45.0,0,272.0,1.0,425.77,2024-11-04 08:06:52
264.14,1,Baltimore,0,64.0,0,125.0,1.0,8459.26,2024-11-04 08:07:21
248.15,1,Milwaukee,0,75.0,2,202.0,1.0,2649.23,2024-11-04 08:08:53
24.34,1,Raleigh,1,54.0,1,110.0,1.0,6659.12,2024-11-04 08:09:23
428.61,1,Fort Worth,0,66.0,0,62.0,1.0,11937.04,2024-11-04 08:09:42
117.66,0,Memphis,1,39.0,0,126.0,1.0,6794.17,2024-11-04 08:07:55
165.8,1,Nashville,2,60.0,1,287.0,1.0,2064.76,2024-11-04 08:07:57
289.18,1,Baltimore,0,65.0,2,64.0,1.0,3139.75,2024-11-04 08:11:11
125.39,1,Los Angeles,0,21.0,3,140.0,1.0,202.69,2024-11-04 08:06:49
506.9,0,Houston,1,64.0,0,56.0,1.0,11471.87,2024-11-04 08:10:09
504.12,0,Baltimore,1,25.0,3,101.0,1.0,1107.28,2024-11-04 08:10:41
42.09,1,Denver,1,29.0,1,118.0,1.0,5526.28,2024-11-04 08:06:50
607.28,1,Baltimore,0,32.0,0,84.0,1.0,9679.68,2024-11-04 08:10:16
91.9,1,Chicago,2,77.0,2,125.0,1.0,1033.94,2024-11-04 08:10:48
303.43,1,Virginia Beach,1,22.0,3,30.0,1.0,1833.24,2024-11-04 08:08:11
668.78,1,Mesa,0,20.0,3,141.0,1.0,983.68,2024-11-04 08:09:12
270.54,0,Sacramento,0,20.0,3,139.0,1.0,269.78,2024-11-04 08:09:42
247.93,1,Indianapolis,1,37.0,1,79.0,1.0,9801.48,2024-11-04 08:09:24
34.67,1,Chicago,2,19.0,3,71.0,1.0,888.6,2024-11-04 08:11:38
326.03,0,New York,2,18.0,3,137.0,1.0,290.24,2024-11-04 08:11:46
1086.6,1,San Diego,2,19.0,3,38.0,1.0,1605.67,2024-11-04 08:10:48
373.99,1,Sacramento,0,60.0,0,140.0,1.0,8590.5,2024-11-04 08:07:10
819.48,1,Virginia Beach,0,25.0,3,26.0,1.0,1804.5,2024-11-04 08:08:37
14.0,1,San Antonio,0,49.0,1,173.0,1.0,7975.18,2024-11-04 08:09:26
57.16,1,Columbus,0,40.0,1,74.0,1.0,222.22,2024-11-04 08:08:46
282.26,1,Memphis,2,37.0,1,278.0,1.0,6857.2,2024-11-04 08:08:20
473.2,1,Houston,2,34.0,0,173.0,1.0,248.52,2024-11-04 08:10:30
192.97,1,Sacramento,0,59.0,2,140.0,1.0,3019.04,2024-11-04 08:06:34
168.99,1,Baltimore,0,18.0,3,203.0,1.0,1523.57,2024-11-04 08:10:01
1.82,1,San Francisco,2,80.0,2,60.0,1.0,5571.39,2024-11-04 08:09:18
40.9,1,Charlotte,0,55.0,0,37.0,1.0,1514.34,2024-11-04 08:11:02
78.91,1,Sacramento,2,61.0,0,157.0,1.0,1817.43,2024-11-04 08:10:43
169.97,0,San Diego,0,22.0,3,12.0,1.0,6269.12,2024-11-04 08:09:12
17.79,1,Jacksonville,1,61.0,2,162.0,5.0,2281.9,2024-11-04 08:11:03
486.61,0,Sacramento,0,48.0,1,130.0,1.0,2006.69,2024-11-04 08:06:34
148.13,1,Phoenix,1,58.0,2,56.0,1.0,2189.38,2024-11-04 08:07:00
164.52,1,Dallas,0,61.0,0,162.0,1.0,11036.74,2024-11-04 08:11:17
268.7,1,Milwaukee,0,53.0,2,63.0,1.0,2104.74,2024-11-04 08:06:40
637.34,1,Indianapolis,0,51.0,2,278.0,1.0,5183.5,2024-11-04 08:09:55
216.76,0,Omaha,2,47.0,1,138.0,1.0,643.64,2024-11-04 08:09:35
418.02,1,Los Angeles,0,46.0,0,110.0,1.0,11011.86,2024-11-04 08:06:33
292.03,0,Memphis,0,46.0,1,154.0,1.0,951.33,2024-11-04 08:07:11
251.4,1,Tucson,0,57.0,2,178.0,1.0,2561.67,2024-11-04 08:11:03
184.56,1,Virginia Beach,2,21.0,3,93.0,1.0,1549.27,2024-11-04 08:06:41
33.76,1,Seattle,2,26.0,1,227.0,1.0,3253.51,2024-11-04 08:08:48
1612.37,1,Los Angeles,0,65.0,2,173.0,1.0,3910.59,2024-11-04 08:08:21
138.68,0,Colorado Springs,1,22.0,3,44.0,1.0,206.2,2024-11-04 08:08:39
42.56,1,Fresno,2,18.0,3,146.0,1.0,4361.44,2024-11-04 08:07:12
53.83,1,Baltimore,1,70.0,2,131.0,1.0,4580.59,2024-11-04 08:11:45
11.09,1,Charlotte,1,51.0,1,95.0,1.0,2990.05,2024-11-04 08:10:21
449.18,1,Denver,2,67.0,2,50.0,1.0,1025.99,2024-11-04 08:09:23
1135.8,1,San Diego,0,30.0,0,250.0,1.0,13534.3,2024-11-04 08:07:14
297.6,1,Milwaukee,2,39.0,0,162.0,1.0,1461.17,2024-11-04 08:09:49
683.75,1,Las Vegas,1,32.0,0,106.0,1.0,6333.72,2024-11-04 08:07:48
315.94,1,Omaha,0,78.0,2,93.0,1.0,4273.99,2024-11-04 08:06:28
331.32,1,Sacramento,1,61.0,0,137.0,5.0,13054.54,2024-11-04 08:07:35
223.76,0,Boston,1,74.0,2,110.0,1.0,4102.23,2024-11-04 08:10:57
216.03,1,Boston,0,42.0,0,300.0,1.0,10462.77,2024-11-04 08:09:44
17.42,1,Dallas,0,74.0,2,150.0,1.0,6851.31,2024-11-04 08:12:14
491.91,1,Milwaukee,2,78.0,2,155.0,1.0,2421.94,2024-11-04 08:09:09
218.07,1,Austin,1,23.0,3,243.0,1.0,443.62,2024-11-04 08:06:31
422.14,0,Albuquerque,1,26.0,3,109.0,1.0,1436.32,2024-11-04 08:07:24
613.21,1,Tucson,0,61.0,2,157.0,1.0,3279.12,2024-11-04 08:10:22
73.83,1,Las Vegas,2,69.0,0,69.0,1.0,6020.29,2024-11-04 08:06:50
67.33,1,Detroit,2,59.0,1,36.0,1.0,5925.98,2024-11-04 08:07:11
26.92,1,Indianapolis,0,62.0,2,43.0,1.0,1674.94,2024-11-04 08:07:16
18.3,1,Mesa,2,48.0,1,155.0,1.0,3733.52,2024-11-04 08:08:03
317.94,1,Los Angeles,0,54.0,1,124.0,1.0,2996.51,2024-11-04 08:11:41
179.38,1,Mesa,2,40.0,0,173.0,1.0,11666.18,2024-11-04 08:10:30
13.92,1,Los Angeles,0,37.0,1,209.0,1.0,2735.84,2024-11-04 08:09:58
365.43,1,Portland,0,25.0,3,176.0,1.0,1073.51,2024-11-04 08:09:24
263.59,1,Dallas,1,71.0,2,16.0,1.0,6996.35,2024-11-04 08:12:00
54.8,1,Albuquerque,1,34.0,1,140.0,1.0,4943.49,2024-11-04 08:08:57
31.39,1,Tucson,0,20.0,3,15.0,1.0,998.49,2024-11-04 08:06:27
5.71,1,Tucson,1,21.0,3,106.0,1.0,1285.42,2024-11-04 08:10:30
178.39,1,Tucson,2,34.0,1,98.0,1.0,8469.43,2024-11-04 08:09:32
36.09,1,Columbus,1,53.0,0,167.0,1.0,12319.26,2024-11-04 08:07:59
91.77,1,Omaha,1,51.0,0,174.0,1.0,9240.73,2024-11-04 08:07:12
137.81,1,Detroit,1,58.0,1,44.0,1.0,2631.47,2024-11-04 08:07:40
256.34,1,Kansas City,1,69.0,2,99.0,1.0,7471.63,2024-11-04 08:07:03
56.11,1,Boston,1,36.0,0,109.0,1.0,11123.65,2024-11-04 08:06:58
118.1,1,Fort Worth,0,50.0,1,50.0,1.0,7976.6,2024-11-04 08:12:07
137.86,0,Sacramento,2,66.0,0,120.0,1.0,8046.94,2024-11-04 08:11:15
813.78,0,Atlanta,0,54.0,0,55.0,1.0,14935.5,2024-11-04 08:08:31
237.97,1,Columbus,0,69.0,0,69.0,1.0,13486.15,2024-11-04 08:06:37
684.96,1,Mesa,0,21.0,3,31.0,1.0,526.67,2024-11-04 08:07:05
878.63,1,Columbus,0,60.0,1,139.0,1.0,4954.37,2024-11-04 08:07:05
276.56,1,Austin,1,68.0,0,15.0,1.0,8942.58,2024-11-04 08:08:57
8.75,1,Louisville,0,79.0,2,199.0,1.0,4044.62,2024-11-04 08:10:17
637.48,1,Colorado Springs,2,65.0,2,207.0,1.0,4148.85,2024-11-04 08:08:09
103.15,1,San Diego,1,51.0,0,179.0,1.0,11388.15,2024-11-04 08:07:27
505.6,1,Denver,1,52.0,2,183.0,1.0,5347.57,2024-11-04 08:10:09
371.86,1,Miami,0,46.0,0,91.0,1.0,1329.45,2024-11-04 08:08:19
14.26,1,Virginia Beach,1,50.0,1,37.0,1.0,2475.65,2024-11-04 08:09:14
13.16,1,Mesa,1,43.0,1,98.0,1.0,1019.46,2024-11-04 08:10:30
167.92,1,Memphis,0,40.0,0,136.0,2.0,14321.73,2024-11-04 08:08:14
73.01,1,Houston,0,56.0,2,101.0,1.0,2833.12,2024-11-04 08:09:48
201.5,0,Dallas,2,61.0,0,196.0,1.0,12148.32,2024-11-04 08:08:48
150.3,1,Las Vegas,2,41.0,0,204.0,1.0,14371.08,2024-11-04 08:08:30
23.7,1,San Francisco,0,46.0,0,32.0,1.0,7947.44,2024-11-04 08:11:44
49.59,1,Boston,1,48.0,1,147.0,1.0,6037.03,2024-11-04 08:09:56
720.13,0,Omaha,0,22.0,3,96.0,1.0,387.02,2024-11-04 08:07:31
134.92,1,Los Angeles,2,19.0,3,101.0,1.0,1081.97,2024-11-04 08:09:40
116.97,1,Oklahoma City,0,18.0,3,299.0,1.0,729.7,2024-11-04 08:08:24
11.06,1,Colorado Springs,0,34.0,1,13.0,3.0,2782.21,2024-11-04 08:07:08
88.29,0,Houston,2,50.0,1,287.0,1.0,5245.93,2024-11-04 08:09:17
5.81,1,Houston,0,25.0,3,222.0,1.0,1290.95,2024-11-04 08:08:02
103.48,1,Baltimore,0,32.0,1,33.0,1.0,6494.25,2024-11-04 08:09:34
156.74,1,Oklahoma City,0,70.0,2,136.0,1.0,4004.35,2024-11-04 08:08:30
505.14,1,Portland,0,68.0,2,179.0,1.0,2525.47,2024-11-04 08:11:16
31.06,1,Kansas City,0,46.0,0,61.0,1.0,11014.25,2024-11-04 08:07:24
7.61,1,Atlanta,0,50.0,0,163.0,1.0,6275.0,2024-11-04 08:08:10
276.16,0,Portland,0,53.0,2,71.0,1.0,1733.34,2024-11-04 08:11:57
145.77,1,Memphis,0,68.0,2,237.0,1.0,5294.98,2024-11-04 08:11:25
369.44,1,Detroit,2,34.0,1,19.0,1.0,5018.67,2024-11-04 08:08:32
558.86,1,Austin,0,60.0,0,95.0,1.0,9844.32,2024-11-04 08:11:19
429.15,1,Las Vegas,1,26.0,3,218.0,1.0,712.13,2024-11-04 08:11:30
36.74,1,Tucson,1,33.0,0,133.0,1.0,6217.58,2024-11-04 08:07:57
79.14,0,Portland,2,57.0,2,22.0,1.0,2229.56,2024-11-04 08:08:52
132.48,1,Charlotte,1,36.0,1,101.0,1.0,9313.05,2024-11-04 08:07:12
136.48,1,Charlotte,2,52.0,1,138.0,4.0,4618.53,2024-11-04 08:09:36
203.76,1,Colorado Springs,1,55.0,2,37.0,1.0,6747.16,2024-11-04 08:09:45
750.95,1,Chicago,1,78.0,2,27.0,1.0,5134.37,2024-11-04 08:11:09
0.84,1,Austin,0,52.0,1,31.0,1.0,2207.54,2024-11-04 08:07:14
257.18,1,Los Angeles,2,67.0,0,28.0,1.0,13336.15,2024-11-04 08:10:15
767.66,1,San Jose,0,63.0,0,155.0,1.0,1801.69,2024-11-04 08:12:04
182.29,1,San Diego,2,54.0,0,123.0,1.0,522.39,2024-11-04 08:08:24
184.51,0,Portland,2,54.0,0,118.0,1.0,9381.64,2024-11-04 08:09:30
451.31,1,Fort Worth,0,62.0,2,166.0,5.0,2963.29,2024-11-04 08:07:38
144.1,1,Chicago,1,57.0,0,30.0,1.0,11523.64,2024-11-04 08:10:03
72.5,1,Fort Worth,0,40.0,0,30.0,1.0,12723.62,2024-11-04 08:11:48
74.11,0,Virginia Beach,2,69.0,2,71.0,4.0,3920.11,2024-11-04 08:08:28
22.15,1,Denver,1,44.0,0,73.0,1.0,7451.83,2024-11-04 08:11:03
777.92,1,Austin,1,62.0,0,97.0,1.0,7061.58,2024-11-04 08:09:32
790.07,1,Miami,2,28.0,3,197.0,1.0,985.77,2024-11-04 08:10:46
767.41,1,Fort Worth,0,56.0,0,27.0,1.0,12799.34,2024-11-04 08:08:55
4.58,0,Atlanta,2,21.0,3,135.0,1.0,811.24,2024-11-04 08:06:26
49.67,1,Atlanta,2,21.0,3,146.0,1.0,842.94,2024-11-04 08:08:23
77.83,0,Kansas City,1,49.0,1,146.0,1.0,2471.53,2024-11-04 08:10:31
702.87,1,Washington,0,19.0,3,184.0,1.0,1237.5,2024-11-04 08:11:14
868.05,0,San Diego,2,49.0,1,119.0,1.0,3931.03,2024-11-04 08:09:57
52.87,1,Indianapolis,1,24.0,3,70.0,1.0,960.96,2024-11-04 08:11:49
179.0,1,Houston,0,78.0,2,121.0,1.0,7310.88,2024-11-04 08:10:18
1168.26,0,Philadelphia,2,73.0,2,37.0,1.0,1385.74,2024-11-04 08:09:53
384.11,1,Fort Worth,0,58.0,2,12.0,1.0,7902.52,2024-11-04 08:06:36
227.61,1,Houston,2,71.0,2,61.0,1.0,4405.28,2024-11-04 08:07:41
40.83,1,Indianapolis,0,48.0,1,24.0,1.0,3944.12,2024-11-04 08:12:04
484.24,1,Raleigh,1,67.0,0,77.0,1.0,8042.3,2024-11-04 08:06:44
301.47,1,Colorado Springs,1,21.0,3,291.0,1.0,560.73,2024-11-04 08:09:25
199.09,1,Detroit,2,70.0,0,89.0,1.0,1658.52,2024-11-04 08:08:46
515.94,1,San Francisco,0,29.0,1,37.0,1.0,1389.89,2024-11-04 08:11:10
41.93,1,Fresno,0,48.0,1,136.0,1.0,5081.26,2024-11-04 08:06:24
95.35,1,Chicago,2,21.0,3,131.0,1.0,1639.9,2024-11-04 08:07:22
93.14,1,Memphis,2,67.0,2,151.0,1.0,5473.82,2024-11-04 08:07:53
1427.71,1,New York,1,64.0,0,159.0,1.0,1729.26,2024-11-04 08:09:30
79.33,0,Las Vegas,2,51.0,0,109.0,1.0,14798.1,2024-11-04 08:07:06
233.71,1,Jacksonville,2,19.0,3,297.0,1.0,1231.98,2024-11-04 08:12:09
14.92,1,Las Vegas,1,26.0,1,120.0,1.0,6611.26,2024-11-04 08:07:33
242.17,1,Jacksonville,0,60.0,0,147.0,1.0,883.72,2024-11-04 08:10:41
122.98,1,Jacksonville,2,79.0,2,228.0,1.0,5055.99,2024-11-04 08:09:50
129.35,1,Las Vegas,0,52.0,1,130.0,1.0,7166.88,2024-11-04 08:09:41
138.33,1,Dallas,2,21.0,3,69.0,1.0,232.56,2024-11-04 08:09:17
39.31,1,Portland,2,25.0,3,178.0,1.0,1236.38,2024-11-04 08:06:47
91.85,1,Seattle,2,21.0,3,148.0,1.0,802.09,2024-11-04 08:12:14
277.7,1,Nashville,1,58.0,1,107.0,1.0,1423.2,2024-11-04 08:11:43
114.03,1,Portland,0,51.0,0,172.0,1.0,13388.56,2024-11-04 08:11:42
302.63,0,San Jose,1,27.0,1,10.0,1.0,2801.28,2024-11-04 08:07:17
31.19,1,Charlotte,0,52.0,1,74.0,1.0,5545.96,2024-11-04 08:09:33
112.91,0,Tucson,2,27.0,1,135.0,1.0,4764.48,2024-11-04 08:09:36
742.26,1,San Diego,2,27.0,1,36.0,1.0,7868.19,2024-11-04 08:10:01
256.8,1,Charlotte,0,26.0,3,80.0,1.0,1128.38,2024-11-04 08:09:22
378.68,1,Fort Worth,0,60.0,0,239.0,1.0,7627.04,2024-11-04 08:07:11
571.93,1,Washington,2,52.0,2,119.0,1.0,4026.03,2024-11-04 08:06:42
26.31,0,Austin,2,77.0,2,163.0,1.0,7095.76,2024-11-04 08:06:54
533.61,1,Mesa,2,48.0,1,115.0,1.0,3656.93,2024-11-04 08:11:43
428.62,1,Raleigh,1,55.0,2,72.0,1.0,3473.24,2024-11-04 08:10:24
361.22,1,Raleigh,0,64.0,2,167.0,1.0,7061.73,2024-11-04 08:10:24
837.29,1,Phoenix,1,25.0,3,216.0,1.0,6012.67,2024-11-04 08:07:12
135.27,1,Atlanta,0,48.0,0,131.0,1.0,9410.51,2024-11-04 08:09:32
185.1,1,Albuquerque,1,53.0,2,23.0,1.0,6115.63,2024-11-04 08:10:41
354.96,1,Fort Worth,2,69.0,0,96.0,1.0,6712.94,2024-11-04 08:08:19
224.22,1,Fresno,1,53.0,0,37.0,1.0,8400.87,2024-11-04 08:12:18
737.1,1,Washington,0,60.0,2,92.0,1.0,4644.19,2024-11-04 08:11:08
223.22,1,Fort Worth,0,27.0,3,96.0,1.0,1734.22,2024-11-04 08:08:15
557.26,1,San Jose,0,69.0,0,53.0,1.0,5237.12,2024-11-04 08:09:49
1496.57,1,Memphis,2,33.0,1,95.0,1.0,969.06,2024-11-04 08:06:37
27.44,1,Boston,0,62.0,2,164.0,1.0,5950.48,2024-11-04 08:08:43
310.09,1,Detroit,1,36.0,0,166.0,1.0,9962.5,2024-11-04 08:10:52
80.38,1,Kansas City,2,52.0,0,116.0,1.0,9662.88,2024-11-04 08:09:54
26.1,0,Detroit,1,66.0,0,115.0,1.0,5243.0,2024-11-04 08:10:24
845.14,0,Oklahoma City,1,73.0,2,183.0,1.0,1702.65,2024-11-04 08:11:10
59.73,1,Fresno,0,27.0,3,56.0,1.0,800.93,2024-11-04 08:10:10
758.77,1,San Antonio,0,60.0,1,114.0,1.0,7231.47,2024-11-04 08:08:24
301.51,1,Charlotte,0,22.0,3,284.0,1.0,1052.31,2024-11-04 08:11:09
118.06,0,Las Vegas,1,32.0,0,31.0,1.0,13560.63,2024-11-04 08:07:10
483.92,1,New York,0,70.0,2,115.0,1.0,3138.0,2024-11-04 08:06:59
78.93,1,Mesa,0,38.0,0,145.0,1.0,9916.24,2024-11-04 08:12:17
36.63,1,Miami,0,75.0,2,261.0,1.0,7941.73,2024-11-04 08:07:35
87.85,1,Colorado Springs,1,49.0,1,63.0,1.0,3753.24,2024-11-04 08:07:16
1001.83,1,Philadelphia,2,31.0,0,55.0,1.0,9733.83,2024-11-04 08:11:43
705.34,1,Washington,2,59.0,0,124.0,1.0,5003.22,2024-11-04 08:12:18
146.55,1,Virginia Beach,2,54.0,2,124.0,5.0,4087.44,2024-11-04 08:07:38
116.89,1,Columbus,2,71.0,2,226.0,1.0,4880.31,2024-11-04 08:06:37
106.41,1,Los Angeles,1,57.0,2,87.0,1.0,1310.38,2024-11-04 08:07:01
1087.9,1,Boston,0,78.0,2,103.0,1.0,2513.51,2024-11-04 08:12:04
584.41,1,Las Vegas,0,23.0,3,41.0,1.0,4475.22,2024-11-04 08:11:29
584.98,0,Chicago,1,55.0,2,121.0,1.0,6521.05,2024-11-04 08:07:59
79.21,1,Colorado Springs,1,56.0,2,140.0,1.0,1615.04,2024-11-04 08:07:01
173.13,0,Atlanta,2,20.0,3,288.0,1.0,1490.34,2024-11-04 08:07:24
1225.5,0,Las Vegas,2,50.0,0,109.0,1.0,8611.17,2024-11-04 08:11:41
422.81,1,Los Angeles,1,28.0,3,193.0,1.0,1929.28,2024-11-04 08:10:28
135.43,1,San Jose,0,57.0,2,92.0,1.0,5315.83,2024-11-04 08:08:57
308.94,1,Los Angeles,2,25.0,3,167.0,1.0,1931.66,2024-11-04 08:07:47
295.93,1,Boston,1,36.0,0,117.0,1.0,1050.63,2024-11-04 08:09:56
1512.99,1,Philadelphia,2,19.0,3,50.0,1.0,9963.39,2024-11-04 08:09:45
77.44,1,Washington,1,58.0,2,268.0,1.0,1950.63,2024-11-04 08:10:59
92.5,0,Seattle,2,40.0,1,70.0,1.0,6295.45,2024-11-04 08:08:25
97.74,0,Los Angeles,2,41.0,1,137.0,1.0,4113.63,2024-11-04 08:07:15
291.68,1,Columbus,0,21.0,3,90.0,1.0,1451.02,2024-11-04 08:11:59
56.96,1,Albuquerque,0,22.0,3,135.0,1.0,1597.85,2024-11-04 08:07:18
436.8,1,Seattle,2,27.0,3,92.0,1.0,1256.33,2024-11-04 08:10:00
259.49,1,Austin,2,72.0,2,292.0,1.0,7320.61,2024-11-04 08:07:31
726.26,1,Omaha,2,57.0,2,147.0,1.0,2150.38,2024-11-04 08:06:49
568.68,1,Houston,0,72.0,2,101.0,1.0,2940.04,2024-11-04 08:08:39
999.28,1,Boston,2,29.0,1,40.0,1.0,4272.41,2024-11-04 08:12:15
14.16,0,Oklahoma City,1,74.0,2,290.0,1.0,5399.76,2024-11-04 08:10:20
1142.83,0,Omaha,1,61.0,2,48.0,1.0,2467.39,2024-11-04 08:11:26
61.33,1,Raleigh,0,27.0,1,129.0,1.0,7537.4,2024-11-04 08:06:27
27.64,1,New York,2,54.0,1,23.0,1.0,7498.51,2024-11-04 08:08:22
3.85,1,San Jose,0,29.0,0,32.0,1.0,10506.41,2024-11-04 08:08:51
431.22,0,Austin,1,73.0,2,129.0,1.0,6505.98,2024-11-04 08:07:30
178.55,1,Houston,1,55.0,1,67.0,1.0,7568.4,2024-11-04 08:12:21
248.76,1,Denver,0,18.0,3,56.0,1.0,546.46,2024-11-04 08:06:33
76.16,1,San Francisco,0,23.0,3,99.0,1.0,1072.25,2024-11-04 08:12:04
347.25,1,Indianapolis,0,69.0,0,250.0,1.0,7273.55,2024-11-04 08:08:01
325.98,1,Washington,0,19.0,3,277.0,1.0,782.35,2024-11-04 08:08:23
249.56,1,New York,1,76.0,2,246.0,1.0,4444.95,2024-11-04 08:11:08
17.43,1,Albuquerque,0,56.0,0,33.0,1.0,10658.88,2024-11-04 08:08:36
198.01,0,Austin,1,26.0,3,40.0,1.0,250.93,2024-11-04 08:10:09
585.58,1,Raleigh,1,23.0,3,55.0,1.0,1729.02,2024-11-04 08:09:16
434.67,0,Virginia Beach,2,27.0,3,124.0,1.0,1298.13,2024-11-04 08:10:09
510.7,0,Nashville,2,27.0,3,294.0,1.0,5828.48,2024-11-04 08:07:57
331.98,1,Denver,0,74.0,2,12.0,1.0,7600.99,2024-11-04 08:09:26
199.54,1,Portland,2,56.0,1,268.0,1.0,9603.73,2024-11-04 08:10:49
212.97,1,Atlanta,2,59.0,1,178.0,1.0,4180.4,2024-11-04 08:10:42
270.56,1,Philadelphia,2,23.0,3,139.0,1.0,1268.44,2024-11-04 08:08:05
306.37,1,Colorado Springs,0,26.0,1,120.0,1.0,9609.67,2024-11-04 08:07:43
643.02,0,Detroit,0,38.0,0,85.0,1.0,11989.39,2024-11-04 08:07:01
98.48,1,Miami,1,47.0,1,12.0,1.0,9538.92,2024-11-04 08:11:29
889.01,1,Virginia Beach,2,36.0,1,169.0,1.0,4826.88,2024-11-04 08:11:23
537.86,1,Kansas City,2,27.0,3,134.0,1.0,293.06,2024-11-04 08:09:27
241.18,1,Mesa,0,25.0,3,162.0,1.0,1445.53,2024-11-04 08:06:56
130.54,1,Atlanta,0,64.0,0,94.0,1.0,11204.62,2024-11-04 08:09:50
800.29,0,San Diego,1,20.0,3,84.0,1.0,693.4,2024-11-04 08:11:42
8.81,1,Dallas,2,57.0,0,165.0,1.0,13523.65,2024-11-04 08:09:40
28.52,1,Detroit,0,20.0,3,163.0,1.0,662.51,2024-11-04 08:08:28
431.31,0,Atlanta,2,23.0,3,99.0,1.0,342.73,2024-11-04 08:09:29
885.33,0,Raleigh,0,47.0,1,59.0,1.0,7764.16,2024-11-04 08:10:03
199.23,1,Tucson,0,29.0,1,54.0,1.0,9834.0,2024-11-04 08:07:46
42.26,1,Raleigh,0,44.0,0,171.0,1.0,268.77,2024-11-04 08:09:35
166.06,1,Indianapolis,0,30.0,1,172.0,1.0,5397.68,2024-11-04 08:07:04
588.37,1,Dallas,2,28.0,3,284.0,1.0,1926.08,2024-11-04 08:07:39
72.82,1,Houston,2,68.0,0,127.0,1.0,6911.62,2024-11-04 08:06:49
162.36,1,Tucson,2,36.0,1,147.0,1.0,7527.04,2024-11-04 08:09:02
584.82,0,Nashville,2,43.0,0,109.0,1.0,12071.1,2024-11-04 08:09:47
38.15,0,Oklahoma City,2,72.0,2,129.0,1.0,1425.47,2024-11-04 08:12:23
639.57,1,Philadelphia,1,60.0,0,43.0,1.0,11726.47,2024-11-04 08:12:02
58.23,1,Phoenix,2,28.0,3,34.0,1.0,9189.76,2024-11-04 08:09:59
776.21,0,Raleigh,2,78.0,2,99.0,1.0,4895.87,2024-11-04 08:06:38
188.61,1,Boston,2,67.0,2,26.0,1.0,7167.57,2024-11-04 08:06:23
675.37,0,Jacksonville,2,56.0,2,31.0,1.0,4704.91,2024-11-04 08:11:11
94.82,0,Columbus,1,67.0,2,56.0,1.0,1267.72,2024-11-04 08:12:17
425.18,0,Fresno,2,59.0,1,135.0,1.0,5790.55,2024-11-04 08:11:26
50.28,1,Oklahoma City,1,60.0,1,65.0,1.0,5729.1,2024-11-04 08:06:46
70.68,1,El Paso,2,25.0,3,105.0,1.0,1478.41,2024-11-04 08:10:55
261.77,1,Chicago,2,28.0,3,46.0,1.0,824.71,2024-11-04 08:11:48
183.22,1,Milwaukee,0,27.0,3,63.0,1.0,1024.42,2024-11-04 08:07:27
58.32,0,Louisville,1,29.0,1,275.0,4.0,6027.49,2024-11-04 08:06:58
156.86,1,Charlotte,0,51.0,0,102.0,1.0,14453.35,2024-11-04 08:10:27
120.67,1,Colorado Springs,0,42.0,0,233.0,1.0,5374.54,2024-11-04 08:12:08
308.62,0,Sacramento,1,59.0,1,101.0,1.0,9148.08,2024-11-04 08:06:47
506.81,1,Milwaukee,0,59.0,1,41.0,1.0,2757.23,2024-11-04 08:08:00
328.39,1,New York,0,41.0,1,108.0,1.0,2523.83,2024-11-04 08:11:57
796.3,1,Austin,1,67.0,2,64.0,1.0,1498.79,2024-11-04 08:08:32
72.47,1,Boston,2,29.0,0,72.0,1.0,1305.56,2024-11-04 08:11:10
279.6,1,Fort Worth,0,25.0,3,131.0,1.0,1910.9,2024-11-04 08:06:53
304.2,1,Indianapolis,2,25.0,3,102.0,1.0,423.64,2024-11-04 08:10:19
351.38,1,New York,1,64.0,2,21.0,1.0,7606.63,2024-11-04 08:06:32
86.07,1,Dallas,1,31.0,0,23.0,1.0,842.56,2024-11-04 08:12:19
604.5,1,Portland,0,28.0,3,80.0,1.0,709.42,2024-11-04 08:06:32
258.7,1,Charlotte,0,27.0,3,123.0,1.0,1358.37,2024-11-04 08:06:36
994.63,1,Austin,2,61.0,0,158.0,1.0,13538.14,2024-11-04 08:09:25
11.46,0,Austin,1,75.0,2,64.0,1.0,7258.33,2024-11-04 08:08:10
63.76,1,San Antonio,0,69.0,2,100.0,1.0,4980.26,2024-11-04 08:10:22
446.83,0,Miami,1,55.0,2,143.0,1.0,1623.5,2024-11-04 08:09:33
63.54,1,Dallas,0,26.0,1,136.0,1.0,4401.78,2024-11-04 08:07:31
81.11,1,Charlotte,2,48.0,1,110.0,1.0,2051.37,2024-11-04 08:07:46
441.26,0,Tucson,1,58.0,0,87.0,5.0,13704.92,2024-11-04 08:11:41
170.96,1,Washington,1,64.0,0,69.0,1.0,13374.89,2024-11-04 08:06:53
48.51,1,Austin,1,22.0,3,69.0,1.0,3363.23,2024-11-04 08:10:53
325.03,1,Jacksonville,1,60.0,0,106.0,1.0,13521.76,2024-11-04 08:10:08
738.94,1,Philadelphia,1,41.0,0,173.0,1.0,13856.18,2024-11-04 08:08:51
180.36,0,Oklahoma City,2,33.0,1,55.0,1.0,9905.23,2024-11-04 08:06:40
720.46,1,Tucson,1,54.0,2,44.0,1.0,3101.54,2024-11-04 08:08:35
1116.57,1,Tucson,0,56.0,2,104.0,1.0,1393.14,2024-11-04 08:07:14
291.46,1,Miami,0,57.0,2,135.0,1.0,7142.53,2024-11-04 08:10:03
1192.95,1,Las Vegas,1,23.0,3,73.0,1.0,325.15,2024-11-04 08:08:01
98.24,1,Mesa,2,28.0,3,148.0,1.0,580.66,2024-11-04 08:08:58
100.48,0,Milwaukee,1,18.0,3,104.0,1.0,6149.81,2024-11-04 08:12:12
45.9,1,Columbus,1,56.0,1,264.0,1.0,5698.25,2024-11-04 08:07:45
258.21,1,San Antonio,2,39.0,0,225.0,1.0,9562.41,2024-11-04 08:10:11
1079.11,1,Las Vegas,2,53.0,1,211.0,1.0,2038.31,2024-11-04 08:07:41
287.51,1,El Paso,2,22.0,3,255.0,1.0,187.65,2024-11-04 08:08:19
501.3,0,San Antonio,2,26.0,1,146.0,1.0,8520.08,2024-11-04 08:08:07
26.1,1,Mesa,0,27.0,3,32.0,1.0,1435.72,2024-11-04 08:07:09
436.77,1,Jacksonville,0,20.0,3,176.0,1.0,825.69,2024-11-04 08:09:11
1026.46,1,Philadelphia,1,53.0,2,165.0,1.0,3134.47,2024-11-04 08:07:24
123.35,0,Baltimore,2,31.0,0,10.0,1.0,6852.16,2024-11-04 08:09:58
139.52,1,Portland,1,23.0,3,31.0,1.0,1570.22,2024-11-04 08:08:00
122.85,0,Seattle,2,47.0,0,127.0,3.0,13185.39,2024-11-04 08:07:00
2.51,1,Baltimore,2,63.0,2,32.0,1.0,4891.56,2024-11-04 08:11:22
22.62,1,Virginia Beach,0,64.0,0,102.0,1.0,7682.0,2024-11-04 08:11:17
126.83,1,Austin,1,57.0,2,39.0,1.0,6100.98,2024-11-04 08:10:31
46.6,1,Detroit,2,55.0,0,68.0,1.0,1562.9,2024-11-04 08:06:23
243.8,1,San Francisco,1,57.0,0,48.0,1.0,13732.81,2024-11-04 08:10:09
231.51,0,Oklahoma City,1,60.0,2,96.0,1.0,5790.7,2024-11-04 08:12:09
762.74,1,Los Angeles,0,64.0,0,244.0,1.0,207.1,2024-11-04 08:06:39
34.03,1,Los Angeles,1,57.0,1,38.0,1.0,3077.2,2024-11-04 08:09:59
101.51,0,Tucson,2,46.0,1,199.0,1.0,3052.47,2024-11-04 08:11:54
309.42,1,Fresno,1,27.0,1,42.0,1.0,8564.46,2024-11-04 08:10:21
257.6,0,Fort Worth,2,59.0,2,293.0,1.0,7950.74,2024-11-04 08:09:57
82.01,0,Sacramento,1,23.0,3,156.0,1.0,287.46,2024-11-04 08:07:14
476.99,1,San Diego,2,23.0,3,187.0,1.0,1154.48,2024-11-04 08:10:10
333.39,1,Philadelphia,0,68.0,0,35.0,1.0,10628.59,2024-11-04 08:08:37
10.3,1,Fresno,0,47.0,1,197.0,1.0,7801.32,2024-11-04 08:10:12
737.46,0,Albuquerque,1,53.0,0,75.0,4.0,634.16,2024-11-04 08:07:37
98.95,1,Mesa,1,75.0,2,73.0,1.0,5670.82,2024-11-04 08:07:52
1154.79,1,Columbus,0,51.0,0,108.0,1.0,6180.3,2024-11-04 08:11:47
215.13,1,Charlotte,2,46.0,1,114.0,1.0,3956.69,2024-11-04 08:08:16
218.57,0,Memphis,1,62.0,0,102.0,1.0,13869.86,2024-11-04 08:08:19
341.88,1,Austin,0,43.0,1,89.0,1.0,4159.52,2024-11-04 08:11:00
50.43,1,San Jose,1,32.0,0,51.0,1.0,9794.26,2024-11-04 08:09:10
440.43,1,Colorado Springs,1,78.0,2,23.0,1.0,5123.24,2024-11-04 08:07:52
1.98,1,Seattle,0,66.0,0,170.0,1.0,11619.1,2024-11-04 08:10:47
173.45,1,Philadelphia,0,31.0,1,161.0,1.0,9077.62,2024-11-04 08:07:11
438.76,1,San Antonio,1,22.0,3,73.0,1.0,1824.19,2024-11-04 08:11:13
519.62,0,Washington,2,71.0,2,40.0,1.0,4159.33,2024-11-04 08:06:37
738.68,1,Chicago,2,50.0,0,124.0,1.0,14352.33,2024-11-04 08:11:40
151.14,1,Memphis,2,64.0,2,38.0,1.0,2156.54,2024-11-04 08:11:40
444.52,1,Louisville,2,27.0,1,17.0,1.0,5424.6,2024-11-04 08:06:58
5.29,1,Indianapolis,2,52.0,0,276.0,1.0,11263.89,2024-11-04 08:09:14
97.63,0,Milwaukee,2,48.0,0,127.0,1.0,12467.31,2024-11-04 08:11:10
256.95,1,San Diego,1,26.0,1,71.0,1.0,2531.24,2024-11-04 08:08:10
734.86,0,Boston,1,48.0,1,290.0,1.0,6242.03,2024-11-04 08:08:49
1250.94,1,Columbus,0,36.0,0,107.0,2.0,11565.97,2024-11-04 08:08:33
84.28,1,Memphis,1,39.0,0,142.0,1.0,13586.06,2024-11-04 08:07:40
202.49,0,Virginia Beach,0,48.0,1,69.0,1.0,7447.1,2024-11-04 08:08:28
154.99,1,Mesa,1,25.0,3,53.0,1.0,1419.31,2024-11-04 08:08:06
481.53,1,Atlanta,1,58.0,2,277.0,1.0,6142.54,2024-11-04 08:11:54
172.92,1,Miami,2,20.0,3,212.0,1.0,416.37,2024-11-04 08:08:14
275.59,0,Philadelphia,1,53.0,2,238.0,1.0,6313.22,2024-11-04 08:10:12
207.2,1,Columbus,2,60.0,1,133.0,1.0,8092.94,2024-11-04 08:06:23
136.82,1,Chicago,1,31.0,1,14.0,1.0,6229.13,2024-11-04 08:08:03
624.0,1,Houston,1,26.0,1,132.0,5.0,4976.18,2024-11-04 08:11:42
10.15,1,Austin,0,59.0,0,58.0,5.0,7155.04,2024-11-04 08:11:00
26.3,1,Virginia Beach,0,32.0,0,33.0,1.0,7473.73,2024-11-04 08:09:28
319.5,0,Virginia Beach,1,29.0,1,69.0,1.0,2366.3,2024-11-04 08:10:45
182.42,1,Kansas City,1,51.0,2,137.0,1.0,3051.29,2024-11-04 08:10:41
716.62,1,Atlanta,0,44.0,0,241.0,1.0,6987.4,2024-11-04 08:10:05
222.96,0,Fresno,0,65.0,0,150.0,1.0,7370.41,2024-11-04 08:12:21
79.77,1,San Francisco,0,68.0,2,167.0,1.0,5010.31,2024-11-04 08:08:44
592.24,1,Tucson,0,52.0,0,140.0,1.0,9817.05,2024-11-04 08:07:20
200.19,0,San Antonio,1,52.0,2,108.0,1.0,4389.96,2024-11-04 08:12:17
343.88,1,Nashville,2,63.0,2,97.0,1.0,6486.18,2024-11-04 08:12:01
162.1,1,Milwaukee,1,41.0,1,151.0,1.0,8576.65,2024-11-04 08:08:09
36.12,1,Houston,2,22.0,3,234.0,1.0,1593.03,2024-11-04 08:08:11
354.91,1,Boston,0,74.0,2,191.0,1.0,3872.55,2024-11-04 08:09:08
38.41,1,Denver,0,40.0,0,117.0,1.0,9129.68,2024-11-04 08:07:27
13.3,1,San Antonio,0,23.0,3,63.0,1.0,213.0,2024-11-04 08:09:17
189.65,1,Charlotte,0,21.0,3,60.0,1.0,8457.09,2024-11-04 08:11:01
255.32,1,Baltimore,0,80.0,2,27.0,1.0,6290.62,2024-11-04 08:07:29
230.51,0,Memphis,1,51.0,1,56.0,1.0,9522.37,2024-11-04 08:10:49
237.74,1,Tucson,0,61.0,0,152.0,1.0,11795.12,2024-11-04 08:10:26
85.01,0,Portland,0,25.0,3,157.0,1.0,1299.4,2024-11-04 08:08:58
444.47,1,San Jose,2,57.0,2,61.0,1.0,6062.94,2024-11-04 08:10:42
55.98,0,Kansas City,1,24.0,3,87.0,1.0,7047.04,2024-11-04 08:12:04
54.91,0,Columbus,0,41.0,1,275.0,1.0,7927.27,2024-11-04 08:07:25
1047.69,1,Austin,2,20.0,3,139.0,1.0,1889.78,2024-11-04 08:10:42
393.74,1,Charlotte,2,26.0,3,90.0,1.0,1769.06,2024-11-04 08:06:52
515.57,1,Columbus,0,27.0,1,56.0,1.0,9269.67,2024-11-04 08:06:54
332.15,1,Dallas,0,59.0,0,105.0,1.0,9749.46,2024-11-04 08:07:16
177.94,1,Milwaukee,2,19.0,3,173.0,1.0,123.24,2024-11-04 08:11:29
1431.54,1,Portland,2,20.0,3,84.0,1.0,1171.98,2024-11-04 08:08:41
240.03,1,Atlanta,2,33.0,1,31.0,1.0,7807.73,2024-11-04 08:09:41
474.77,1,Boston,2,46.0,1,284.0,1.0,8494.53,2024-11-04 08:06:24
451.7,1,Chicago,2,29.0,1,103.0,1.0,8994.67,2024-11-04 08:10:51
243.85,1,Omaha,1,39.0,1,43.0,1.0,4576.78,2024-11-04 08:08:53
435.08,1,San Francisco,2,55.0,1,78.0,1.0,2103.41,2024-11-04 08:11:15
127.78,1,Miami,0,20.0,3,170.0,1.0,1046.66,2024-11-04 08:10:26
23.14,0,Mesa,2,47.0,0,93.0,1.0,10536.54,2024-11-04 08:09:21
545.87,1,Miami,1,27.0,1,41.0,1.0,4860.01,2024-11-04 08:09:44
21.21,1,Nashville,2,55.0,1,37.0,1.0,9575.42,2024-11-04 08:07:18
423.53,0,Kansas City,1,50.0,0,81.0,1.0,5453.4,2024-11-04 08:07:23
114.15,1,Atlanta,0,19.0,3,52.0,1.0,1612.4,2024-11-04 08:08:38
275.98,0,Washington,2,72.0,2,67.0,1.0,6151.05,2024-11-04 08:07:16
590.68,1,Washington,1,27.0,3,23.0,1.0,852.2,2024-11-04 08:09:15
152.42,1,San Jose,0,42.0,0,176.0,1.0,9141.79,2024-11-04 08:12:18
395.77,0,El Paso,1,43.0,0,118.0,1.0,6425.99,2024-11-04 08:08:17
615.16,1,Boston,2,26.0,3,140.0,1.0,214.61,2024-11-04 08:06:37
207.82,0,Las Vegas,2,19.0,3,30.0,1.0,229.02,2024-11-04 08:07:02
220.52,1,Seattle,0,57.0,2,152.0,1.0,1793.09,2024-11-04 08:07:19
281.47,1,Philadelphia,0,34.0,1,142.0,1.0,4437.48,2024-11-04 08:11:13
57.91,0,Sacramento,1,58.0,1,97.0,1.0,3641.06,2024-11-04 08:07:03
30.48,0,Seattle,1,32.0,0,78.0,1.0,11481.85,2024-11-04 08:07:38
1152.58,1,Austin,1,65.0,2,180.0,1.0,7567.17,2024-11-04 08:11:45
424.47,1,Oklahoma City,2,22.0,3,116.0,1.0,5491.55,2024-11-04 08:08:43
228.4,1,Omaha,0,67.0,0,116.0,1.0,9598.43,2024-11-04 08:09:36
67.17,1,Seattle,2,63.0,0,48.0,1.0,14410.44,2024-11-04 08:08:55
118.69,1,Omaha,2,33.0,0,296.0,1.0,749.34,2024-11-04 08:10:00
221.33,1,Louisville,0,27.0,3,276.0,1.0,1185.43,2024-11-04 08:09:51
252.31,0,Seattle,0,26.0,3,172.0,1.0,1584.6,2024-11-04 08:12:07
433.53,1,Philadelphia,1,38.0,0,231.0,1.0,6368.32,2024-11-04 08:09:08
178.26,1,Oklahoma City,0,59.0,2,59.0,1.0,1137.13,2024-11-04 08:08:51
237.0,1,Tucson,2,49.0,0,115.0,1.0,14021.4,2024-11-04 08:08:13
1169.59,1,New York,2,28.0,3,114.0,1.0,5946.45,2024-11-04 08:11:33
347.63,0,Chicago,2,25.0,3,272.0,1.0,1400.04,2024-11-04 08:08:39
517.68,1,Omaha,0,31.0,0,24.0,1.0,11305.81,2024-11-04 08:08:06
36.25,1,Tucson,1,52.0,0,76.0,1.0,193.06,2024-11-04 08:10:09
46.53,1,San Francisco,0,42.0,1,34.0,1.0,4468.12,2024-11-04 08:07:22
207.47,1,Miami,0,53.0,0,12.0,1.0,1688.9,2024-11-04 08:07:01
199.7,1,Indianapolis,0,43.0,1,285.0,1.0,7574.45,2024-11-04 08:08:58
307.89,0,Nashville,2,62.0,2,90.0,1.0,2637.55,2024-11-04 08:11:34
403.63,1,Las Vegas,1,31.0,1,167.0,3.0,3304.02,2024-11-04 08:07:58
20.06,1,Memphis,0,27.0,3,144.0,1.0,445.21,2024-11-04 08:10:01
236.57,1,Sacramento,0,79.0,2,112.0,1.0,3488.77,2024-11-04 08:06:31
0.32,1,Boston,0,39.0,1,136.0,1.0,7158.58,2024-11-04 08:09:57
14.28,1,Phoenix,0,23.0,3,81.0,1.0,1597.51,2024-11-04 08:07:23
232.35,0,Atlanta,1,33.0,1,153.0,1.0,4186.25,2024-11-04 08:08:22
317.53,1,Miami,2,44.0,1,104.0,1.0,6237.68,2024-11-04 08:06:39
74.67,1,Indianapolis,0,43.0,1,283.0,1.0,3449.35,2024-11-04 08:11:01
65.01,0,Austin,2,29.0,0,67.0,1.0,10235.19,2024-11-04 08:09:26
0.45,1,Kansas City,1,34.0,1,172.0,1.0,8670.23,2024-11-04 08:10:09
364.13,1,Fort Worth,0,63.0,0,61.0,1.0,8198.0,2024-11-04 08:10:23
15.81,1,Oklahoma City,1,69.0,0,11.0,4.0,8384.85,2024-11-04 08:12:06
222.66,1,Detroit,2,39.0,0,88.0,1.0,14466.38,2024-11-04 08:10:50
638.24,1,Phoenix,1,48.0,1,64.0,1.0,5695.78,2024-11-04 08:11:49
241.21,1,Omaha,0,31.0,1,108.0,1.0,1220.86,2024-11-04 08:09:16
171.16,1,New York,2,51.0,2,42.0,1.0,6126.5,2024-11-04 08:11:02
37.65,0,San Jose,2,27.0,3,109.0,1.0,411.78,2024-11-04 08:11:02
25.77,1,Memphis,2,68.0,2,18.0,1.0,4331.54,2024-11-04 08:06:40
789.8,1,Jacksonville,0,40.0,0,94.0,1.0,13948.09,2024-11-04 08:07:32
1454.52,1,Miami,0,27.0,3,20.0,1.0,1189.03,2024-11-04 08:07:18
806.97,1,Seattle,2,25.0,3,11.0,1.0,102.2,2024-11-04 08:08:53
490.82,1,Kansas City,0,26.0,1,114.0,1.0,8704.27,2024-11-04 08:09:41
1021.38,1,Detroit,1,61.0,0,125.0,1.0,6223.26,2024-11-04 08:08:46
311.28,1,Atlanta,1,49.0,0,198.0,1.0,135.96,2024-11-04 08:09:13
85.03,1,San Diego,0,51.0,2,48.0,1.0,4597.57,2024-11-04 08:06:59
307.75,1,Detroit,1,64.0,0,63.0,1.0,1061.58,2024-11-04 08:10:03
333.67,1,Fort Worth,2,36.0,1,68.0,1.0,9238.08,2024-11-04 08:08:44
589.89,1,Jacksonville,1,56.0,1,213.0,3.0,9404.63,2024-11-04 08:12:03
372.08,1,Houston,1,66.0,0,63.0,1.0,13330.74,2024-11-04 08:12:15
502.9,0,Fresno,2,26.0,3,141.0,1.0,341.24,2024-11-04 08:08:40
103.81,1,Oklahoma City,0,36.0,0,34.0,1.0,7044.63,2024-11-04 08:11:54
69.43,1,Las Vegas,0,30.0,1,162.0,1.0,9281.85,2024-11-04 08:08:31
110.4,0,San Diego,0,56.0,0,62.0,1.0,8639.36,2024-11-04 08:08:33
251.8,1,Mesa,0,62.0,0,102.0,1.0,11796.66,2024-11-04 08:10:15
334.07,1,New York,1,59.0,1,200.0,1.0,7306.79,2024-11-04 08:10:28
52.44,1,Raleigh,2,27.0,3,87.0,1.0,3157.75,2024-11-04 08:09:31
1030.85,1,San Diego,0,25.0,3,39.0,1.0,1941.8,2024-11-04 08:11:01
141.37,1,Denver,2,46.0,1,77.0,1.0,1019.77,2024-11-04 08:11:41
211.7,0,Chicago,2,50.0,0,205.0,1.0,12272.78,2024-11-04 08:07:08
61.4,1,San Jose,1,41.0,1,20.0,2.0,7892.87,2024-11-04 08:08:27
308.23,1,Las Vegas,0,60.0,2,23.0,1.0,4150.63,2024-11-04 08:11:35
111.41,1,Chicago,1,21.0,3,181.0,1.0,1204.11,2024-11-04 08:10:44
675.49,1,Charlotte,0,61.0,2,159.0,1.0,1893.0,2024-11-04 08:10:47
294.61,1,Omaha,1,60.0,2,74.0,1.0,7375.59,2024-11-04 08:07:33
106.43,0,Phoenix,0,52.0,1,164.0,1.0,9403.12,2024-11-04 08:10:35
381.52,1,Seattle,2,36.0,0,79.0,1.0,5798.92,2024-11-04 08:11:07
1142.76,0,Houston,2,25.0,3,71.0,1.0,1498.93,2024-11-04 08:10:03
5.66,1,Fresno,1,40.0,1,33.0,1.0,5434.64,2024-11-04 08:11:43
209.09,1,Virginia Beach,0,48.0,0,203.0,1.0,9100.81,2024-11-04 08:06:31
521.81,1,Virginia Beach,0,47.0,1,34.0,1.0,4750.96,2024-11-04 08:07:27
588.36,1,Charlotte,2,33.0,1,134.0,1.0,8434.99,2024-11-04 08:10:22
146.67,1,Albuquerque,2,20.0,3,273.0,1.0,1569.75,2024-11-04 08:11:06
176.52,0,San Diego,2,73.0,2,94.0,5.0,7132.08,2024-11-04 08:08:41
57.34,1,Atlanta,2,27.0,3,81.0,1.0,1100.64,2024-11-04 08:10:22
294.77,1,Philadelphia,2,77.0,2,101.0,1.0,2272.17,2024-11-04 08:10:02
162.59,1,Indianapolis,1,64.0,2,19.0,1.0,7104.83,2024-11-04 08:08:46
56.15,1,Nashville,1,31.0,0,77.0,1.0,13265.92,2024-11-04 08:09:03
524.55,1,El Paso,0,39.0,0,175.0,1.0,8292.75,2024-11-04 08:07:00
535.4,1,San Diego,1,23.0,3,110.0,1.0,651.84,2024-11-04 08:08:50
56.84,1,Raleigh,0,45.0,1,185.0,1.0,7977.78,2024-11-04 08:09:53
124.05,0,Albuquerque,1,61.0,0,220.0,1.0,7009.54,2024-11-04 08:12:09
802.89,1,Chicago,0,19.0,3,175.0,1.0,1973.63,2024-11-04 08:11:17
193.16,1,Charlotte,0,64.0,2,109.0,1.0,2304.56,2024-11-04 08:07:13
541.52,0,Indianapolis,1,48.0,1,161.0,1.0,6087.24,2024-11-04 08:08:36
20.17,1,San Antonio,0,77.0,2,86.0,1.0,3869.37,2024-11-04 08:08:39
35.98,0,Nashville,1,40.0,0,133.0,1.0,11147.34,2024-11-04 08:06:59
273.24,1,Fresno,1,51.0,2,173.0,1.0,2202.21,2024-11-04 08:10:05
663.45,1,Albuquerque,0,67.0,2,147.0,1.0,5897.29,2024-11-04 08:11:40
343.86,1,Charlotte,1,57.0,1,70.0,1.0,3278.65,2024-11-04 08:09:48
69.38,1,Detroit,1,69.0,0,280.0,2.0,12072.11,2024-11-04 08:11:12
75.43,1,Fresno,0,77.0,2,266.0,1.0,1441.86,2024-11-04 08:11:19
86.79,1,Fort Worth,1,33.0,0,166.0,1.0,8795.37,2024-11-04 08:07:48
1105.88,1,Omaha,0,34.0,1,36.0,1.0,2636.32,2024-11-04 08:11:22
14.1,1,Louisville,1,45.0,1,73.0,1.0,6949.21,2024-11-04 08:08:16
63.33,0,Louisville,1,23.0,3,124.0,1.0,792.33,2024-11-04 08:12:02
606.27,1,Louisville,1,29.0,0,42.0,1.0,9668.78,2024-11-04 08:09:33
4.47,1,Baltimore,1,27.0,3,132.0,1.0,1381.75,2024-11-04 08:10:24
338.69,1,Virginia Beach,1,18.0,3,169.0,1.0,1137.89,2024-11-04 08:06:32
97.73,1,Sacramento,1,69.0,0,156.0,1.0,7885.21,2024-11-04 08:08:27
27.61,0,Fort Worth,0,54.0,2,26.0,1.0,3679.64,2024-11-04 08:09:16
284.17,1,Memphis,0,51.0,2,189.0,1.0,3479.56,2024-11-04 08:08:05
76.21,1,Los Angeles,1,22.0,3,69.0,1.0,664.93,2024-11-04 08:10:44
584.51,1,Denver,0,74.0,2,76.0,1.0,3254.56,2024-11-04 08:08:49
432.18,1,Las Vegas,1,18.0,3,162.0,1.0,678.83,2024-11-04 08:08:30
134.55,1,San Jose,2,59.0,0,165.0,1.0,14852.42,2024-11-04 08:08:25
61.66,1,Sacramento,0,26.0,3,86.0,1.0,5705.4,2024-11-04 08:06:48
12.35,1,Fresno,1,25.0,3,22.0,1.0,1846.85,2024-11-04 08:11:12
213.25,1,San Francisco,1,25.0,3,63.0,1.0,677.79,2024-11-04 08:08:03
34.93,1,Columbus,1,31.0,1,72.0,1.0,2810.37,2024-11-04 08:11:12
335.68,1,Tucson,2,24.0,3,142.0,1.0,1188.95,2024-11-04 08:11:20
423.96,1,San Diego,0,43.0,0,75.0,1.0,8374.38,2024-11-04 08:08:41
361.38,0,Milwaukee,2,72.0,2,71.0,3.0,4972.92,2024-11-04 08:12:17
220.82,1,Louisville,1,42.0,1,31.0,1.0,4298.13,2024-11-04 08:08:24
406.12,1,Houston,0,42.0,0,106.0,1.0,10501.53,2024-11-04 08:11:29
427.83,1,Phoenix,0,47.0,1,29.0,1.0,3293.06,2024-11-04 08:09:49
21.9,1,Phoenix,0,28.0,3,30.0,1.0,1052.27,2024-11-04 08:11:15
393.68,1,San Diego,0,55.0,0,141.0,1.0,10135.88,2024-11-04 08:07:00
281.91,1,Denver,1,25.0,3,269.0,1.0,225.53,2024-11-04 08:07:24
239.85,1,Tucson,0,70.0,2,50.0,1.0,1477.63,2024-11-04 08:07:51
237.84,1,Nashville,1,26.0,3,16.0,1.0,8932.39,2024-11-04 08:09:29
459.29,0,Kansas City,2,64.0,2,109.0,1.0,1006.12,2024-11-04 08:11:08
196.49,1,Oklahoma City,1,41.0,1,65.0,1.0,7516.56,2024-11-04 08:09:30
21.23,1,Virginia Beach,0,23.0,3,103.0,4.0,319.18,2024-11-04 08:09:59
95.23,1,Denver,2,20.0,3,60.0,3.0,966.88,2024-11-04 08:11:38
344.87,1,Houston,1,58.0,2,25.0,1.0,7447.44,2024-11-04 08:11:21
129.62,0,San Jose,0,23.0,3,124.0,1.0,620.28,2024-11-04 08:06:51
16.53,1,Houston,0,21.0,3,220.0,1.0,707.95,2024-11-04 08:08:29
277.02,0,Denver,0,46.0,0,227.0,1.0,8586.38,2024-11-04 08:09:56
13.02,1,Charlotte,1,51.0,0,42.0,1.0,6076.45,2024-11-04 08:11:43
199.02,1,Memphis,0,22.0,3,185.0,1.0,793.63,2024-11-04 08:08:22
684.5,1,Fort Worth,1,29.0,0,76.0,1.0,6258.63,2024-11-04 08:10:14
1173.74,0,Virginia Beach,2,61.0,0,61.0,1.0,10456.24,2024-11-04 08:07:31
45.92,1,Nashville,0,26.0,3,23.0,1.0,544.56,2024-11-04 08:06:32
761.73,1,Columbus,0,19.0,3,27.0,1.0,151.28,2024-11-04 08:09:23
331.38,1,Miami,0,42.0,1,122.0,1.0,844.55,2024-11-04 08:08:38
602.8,1,Baltimore,1,60.0,2,173.0,1.0,7417.69,2024-11-04 08:10:57
64.12,0,Indianapolis,1,57.0,0,222.0,1.0,1029.09,2024-11-04 08:09:39
94.64,0,New York,0,28.0,3,144.0,1.0,586.76,2024-11-04 08:08:50
155.56,0,Austin,1,19.0,3,64.0,1.0,129.79,2024-11-04 08:07:46
301.39,0,Denver,2,47.0,0,104.0,1.0,10548.58,2024-11-04 08:07:22
136.31,1,Nashville,2,74.0,2,65.0,1.0,4384.95,2024-11-04 08:08:41
4.39,1,Philadelphia,0,26.0,3,63.0,1.0,1429.61,2024-11-04 08:11:48
429.25,1,Seattle,2,29.0,1,107.0,1.0,5019.68,2024-11-04 08:08:36
138.54,0,Austin,1,60.0,1,93.0,1.0,8274.77,2024-11-04 08:09:05
33.03,1,Washington,1,21.0,3,28.0,1.0,935.88,2024-11-04 08:09:57
76.39,1,Sacramento,2,30.0,0,80.0,1.0,11584.32,2024-11-04 08:10:59
25.32,1,Oklahoma City,0,19.0,3,25.0,1.0,1642.34,2024-11-04 08:09:29
330.91,1,Kansas City,0,36.0,1,28.0,1.0,6481.35,2024-11-04 08:11:10
153.55,1,Denver,2,37.0,0,16.0,1.0,5619.91,2024-11-04 08:07:38
217.61,1,Omaha,2,27.0,3,120.0,1.0,1661.1,2024-11-04 08:11:11
131.69,0,Denver,1,53.0,1,59.0,1.0,2958.43,2024-11-04 08:07:03
953.17,1,Raleigh,2,60.0,2,84.0,1.0,3506.11,2024-11-04 08:08:48
68.49,1,Nashville,2,67.0,2,49.0,1.0,6683.31,2024-11-04 08:10:51
1493.0,1,Colorado Springs,0,69.0,2,151.0,1.0,1619.16,2024-11-04 08:07:07
470.62,1,Tucson,1,57.0,0,127.0,1.0,12470.62,2024-11-04 08:06:42
385.35,1,Miami,1,38.0,0,269.0,1.0,5184.13,2024-11-04 08:12:12
275.87,1,Seattle,0,25.0,3,112.0,1.0,1697.58,2024-11-04 08:07:09
90.94,0,Colorado Springs,0,63.0,2,56.0,1.0,3896.08,2024-11-04 08:12:21
206.25,1,Baltimore,0,74.0,2,56.0,1.0,3651.07,2024-11-04 08:07:59
116.76,1,Philadelphia,0,51.0,1,212.0,1.0,4480.43,2024-11-04 08:07:09
91.5,1,Omaha,0,47.0,0,77.0,1.0,667.66,2024-11-04 08:07:56
489.31,1,Louisville,1,43.0,1,36.0,1.0,5595.22,2024-11-04 08:12:22
1664.33,1,San Antonio,1,18.0,3,65.0,1.0,1588.31,2024-11-04 08:07:07
414.49,0,Phoenix,2,58.0,0,108.0,1.0,12709.58,2024-11-04 08:09:08
28.38,1,Tucson,1,45.0,0,260.0,1.0,8892.62,2024-11-04 08:09:52
456.05,1,Detroit,1,68.0,0,20.0,1.0,11729.51,2024-11-04 08:10:37
54.84,1,Kansas City,2,52.0,2,124.0,1.0,3495.51,2024-11-04 08:11:44
29.92,0,Denver,2,68.0,0,63.0,1.0,7855.01,2024-11-04 08:10:15
133.06,1,Las Vegas,2,35.0,1,143.0,1.0,8843.44,2024-11-04 08:09:53
468.32,1,Fresno,2,69.0,2,152.0,1.0,4710.04,2024-11-04 08:06:47
245.62,1,San Antonio,1,23.0,3,127.0,1.0,1879.82,2024-11-04 08:08:30
981.9,0,Baltimore,2,43.0,0,112.0,1.0,9018.33,2024-11-04 08:06:53
83.6,1,San Jose,0,47.0,0,192.0,1.0,13899.24,2024-11-04 08:09:19
331.22,0,Oklahoma City,1,61.0,0,161.0,1.0,12613.25,2024-11-04 08:12:21
57.49,0,Detroit,2,24.0,3,177.0,1.0,765.15,2024-11-04 08:11:34
157.56,1,Indianapolis,1,43.0,0,159.0,1.0,7541.16,2024-11-04 08:07:45
230.3,1,Colorado Springs,2,46.0,1,24.0,1.0,8356.88,2024-11-04 08:08:21
305.92,1,El Paso,0,72.0,2,88.0,1.0,1445.47,2024-11-04 08:08:28
942.7,1,Boston,2,35.0,1,29.0,1.0,5141.32,2024-11-04 08:11:10
116.33,1,Fresno,1,27.0,3,144.0,1.0,1696.15,2024-11-04 08:08:42
537.71,0,Mesa,2,19.0,3,175.0,1.0,1806.08,2024-11-04 08:07:22
538.17,0,Washington,1,27.0,1,252.0,1.0,5908.04,2024-11-04 08:10:25
219.44,1,Washington,2,42.0,1,23.0,1.0,4207.27,2024-11-04 08:09:38
58.77,1,Memphis,2,27.0,1,191.0,1.0,7261.7,2024-11-04 08:06:39
403.01,1,Washington,2,63.0,0,286.0,3.0,10513.52,2024-11-04 08:09:32
719.76,1,San Francisco,1,19.0,3,190.0,1.0,690.52,2024-11-04 08:11:25
163.22,1,Miami,2,26.0,3,217.0,1.0,1788.27,2024-11-04 08:07:56
291.22,0,Baltimore,2,41.0,1,100.0,1.0,3677.63,2024-11-04 08:09:36
56.52,1,Omaha,0,42.0,1,152.0,1.0,6911.2,2024-11-04 08:08:50
195.8,1,Raleigh,2,39.0,0,186.0,1.0,12027.68,2024-11-04 08:06:59
66.76,0,Austin,1,36.0,0,44.0,1.0,184.72,2024-11-04 08:10:58
106.99,1,Omaha,1,38.0,1,152.0,1.0,5771.4,2024-11-04 08:10:43
655.81,1,Omaha,0,55.0,2,164.0,2.0,4539.99,2024-11-04 08:12:08
107.1,0,Philadelphia,2,25.0,3,175.0,1.0,193.8,2024-11-04 08:11:33
79.92,1,Miami,0,44.0,1,274.0,2.0,9138.76,2024-11-04 08:09:14
235.34,1,Washington,1,26.0,3,68.0,1.0,566.83,2024-11-04 08:12:01
86.35,0,Indianapolis,1,52.0,2,24.0,1.0,1550.48,2024-11-04 08:10:10
337.99,1,Colorado Springs,0,70.0,0,115.0,1.0,9038.63,2024-11-04 08:06:36
577.13,0,San Jose,1,40.0,1,66.0,1.0,6640.51,2024-11-04 08:08:42
213.33,1,Omaha,0,52.0,2,161.0,1.0,5400.44,2024-11-04 08:12:15
883.92,0,Tucson,2,53.0,2,129.0,1.0,2342.64,2024-11-04 08:11:08
69.8,0,New York,1,27.0,3,138.0,1.0,136.77,2024-11-04 08:09:01
768.94,1,Indianapolis,1,64.0,2,53.0,1.0,6860.18,2024-11-04 08:07:37
179.62,1,Tucson,2,24.0,3,119.0,1.0,409.26,2024-11-04 08:11:42
425.91,1,Jacksonville,0,23.0,3,47.0,1.0,383.58,2024-11-04 08:07:14
263.34,1,Denver,0,64.0,2,55.0,1.0,2411.02,2024-11-04 08:11:16
113.03,0,Tucson,2,36.0,0,12.0,1.0,6756.13,2024-11-04 08:08:48
11.02,1,Austin,2,42.0,0,42.0,1.0,7879.66,2024-11-04 08:07:22
865.17,1,Houston,1,24.0,3,161.0,1.0,9297.5,2024-11-04 08:10:13
152.0,1,Albuquerque,0,51.0,1,63.0,1.0,7531.43,2024-11-04 08:07:25
270.39,1,Jacksonville,0,25.0,3,104.0,1.0,899.15,2024-11-04 08:07:39
261.45,0,Oklahoma City,2,50.0,1,96.0,1.0,6735.74,2024-11-04 08:09:11
99.98,0,Washington,2,73.0,2,152.0,1.0,3037.97,2024-11-04 08:07:59
400.69,1,Las Vegas,2,32.0,1,26.0,1.0,9040.33,2024-11-04 08:07:57
411.47,1,Fort Worth,0,26.0,3,120.0,1.0,796.63,2024-11-04 08:11:11
204.63,1,Las Vegas,2,52.0,1,92.0,1.0,9199.52,2024-11-04 08:09:54
421.56,1,San Jose,2,53.0,1,144.0,1.0,8037.87,2024-11-04 08:10:58
193.38,1,Memphis,0,18.0,3,285.0,1.0,1081.79,2024-11-04 08:10:56
377.04,1,Chicago,0,34.0,1,64.0,1.0,3812.87,2024-11-04 08:09:54
54.1,0,Boston,1,28.0,1,17.0,1.0,940.91,2024-11-04 08:06:59
18.1,1,Louisville,0,57.0,2,66.0,1.0,6474.34,2024-11-04 08:06:41
408.62,0,Fort Worth,2,48.0,1,159.0,1.0,2498.48,2024-11-04 08:07:08
162.1,1,Baltimore,1,64.0,0,221.0,1.0,9578.74,2024-11-04 08:11:35
165.31,1,Boston,0,49.0,0,28.0,1.0,7346.66,2024-11-04 08:10:12
267.48,1,Albuquerque,0,21.0,3,159.0,2.0,811.86,2024-11-04 08:09:32
856.9,1,New York,1,36.0,1,150.0,1.0,8579.69,2024-11-04 08:09:52
271.22,0,Louisville,0,45.0,0,87.0,1.0,6863.02,2024-11-04 08:06:52
307.68,0,Detroit,2,75.0,2,162.0,1.0,2052.84,2024-11-04 08:12:03
348.17,1,El Paso,0,21.0,3,181.0,1.0,1887.84,2024-11-04 08:11:06
557.78,0,Phoenix,1,26.0,3,102.0,1.0,1289.48,2024-11-04 08:11:13
325.6,1,Dallas,0,69.0,0,88.0,1.0,13777.1,2024-11-04 08:10:49
235.83,0,Memphis,2,53.0,1,169.0,1.0,4120.75,2024-11-04 08:08:53
603.54,1,Albuquerque,2,44.0,0,26.0,1.0,10517.47,2024-11-04 08:08:08
270.25,1,Tucson,0,31.0,1,42.0,1.0,5414.97,2024-11-04 08:10:48
123.38,1,Sacramento,2,59.0,0,40.0,1.0,13542.41,2024-11-04 08:10:53
577.12,1,Virginia Beach,0,39.0,1,69.0,1.0,5265.88,2024-11-04 08:10:50
92.24,1,Philadelphia,1,60.0,1,93.0,1.0,6937.48,2024-11-04 08:09:06
856.21,0,Colorado Springs,1,33.0,0,109.0,1.0,12690.79,2024-11-04 08:11:29
251.54,1,Tucson,1,48.0,0,177.0,1.0,254.75,2024-11-04 08:11:42
28.63,1,San Diego,1,56.0,2,146.0,1.0,3382.91,2024-11-04 08:08:39
185.97,1,Denver,2,23.0,3,19.0,1.0,1776.91,2024-11-04 08:12:22
243.08,0,Jacksonville,2,24.0,3,93.0,1.0,131.25,2024-11-04 08:07:49
12.18,1,New York,1,76.0,2,77.0,1.0,4909.24,2024-11-04 08:07:37
232.12,1,Omaha,0,37.0,1,51.0,1.0,6689.87,2024-11-04 08:09:17
198.62,0,Tucson,1,27.0,3,84.0,1.0,1196.07,2024-11-04 08:06:38
